"","orig.ident","nCount_RNA","nFeature_RNA","RNA_snn_res.2.5","seurat_clusters","cell_type","cell_type_manual","large_group"
"Neuron1","pbmc3k",602,53,"5","5","hNP1","hNP1","NP"
"Neuron2","pbmc3k",2999,73,"0","0","hNP1","hNP1","NP"
"Neuron3","pbmc3k",3633,64,"16","16","hTRPM8","hTRPM8","TRPM8"
"Neuron4","pbmc3k",6706,77,"0","0","hNP1","hNP1","NP"
"Neuron5","pbmc3k",1733,60,"16","16","hTRPM8","hTRPM8","TRPM8"
"Neuron6","pbmc3k",3075,64,"2","2","hPEP.TRPV1/A1.1","hPEP.TRPV1/A1.1","PEP"
"Neuron7","pbmc3k",6578,75,"9","9","hPEP.CHRNA7","hPEP.CHRNA7","PEP"
"Neuron8","pbmc3k",3788,74,"16","16","hTRPM8","hTRPM8","TRPM8"
"Neuron9","pbmc3k",4837,61,"2","2","hPEP.TRPV1/A1.1","hPEP.TRPV1/A1.1","PEP"
"Neuron10","pbmc3k",7137,76,"0","0","hNP1","hNP1","NP"
"Neuron11","pbmc3k",8320,75,"0","0","hNP1","hNP1","NP"
"Neuron12","pbmc3k",4531,72,"1","1","hPEP.TRPV1/A1.2","hPEP.TRPV1/A1.2","PEP"
"Neuron13","pbmc3k",6014,78,"3","3","hSST","hSST","NP"
"Neuron14","pbmc3k",5170,74,"0","0","hNP1","hNP1","NP"
"Neuron15","pbmc3k",5883,72,"0","0","hNP1","hNP1","NP"
"Neuron16","pbmc3k",4831,74,"0","0","hNP1","hNP1","NP"
"Neuron17","pbmc3k",3722,62,"12","12","hPropr","hPropr","NF"
"Neuron18","pbmc3k",1304,64,"3","3","hSST","hSST","NP"
"Neuron19","pbmc3k",506,53,"3","3","hSST","hSST","NP"
"Neuron20","pbmc3k",11116,78,"4","4","hPEP.PIEZOh","hPEP.PIEZOh","PEP"
"Neuron21","pbmc3k",1488,61,"16","16","hTRPM8","hTRPM8","TRPM8"
"Neuron22","pbmc3k",17527,79,"10","10","hPEP.NTRK3","hPEP.NTRK3","PEP"
"Neuron23","pbmc3k",7188,68,"10","10","hPEP.NTRK3","hPEP.NTRK3","PEP"
"Neuron24","pbmc3k",617,59,"15","15","hNP2","hNP2","NP"
"Neuron25","pbmc3k",2156,50,"13","13","hAd.LTMR","hAd.LTMR","NF"
"Neuron26","pbmc3k",6648,70,"10","10","hPEP.NTRK3","hPEP.NTRK3","PEP"
"Neuron27","pbmc3k",6351,64,"6","6","hAd.LTMR","hAd.LTMR","NF"
"Neuron28","pbmc3k",8271,67,"10","10","hPEP.NTRK3","hPEP.NTRK3","PEP"
"Neuron29","pbmc3k",7518,67,"6","6","hAd.LTMR","hAd.LTMR","NF"
"Neuron30","pbmc3k",4358,72,"0","0","hNP1","hNP1","NP"
"Neuron31","pbmc3k",6892,67,"12","12","hPropr","hPropr","NF"
"Neuron32","pbmc3k",12630,72,"10","10","hPEP.NTRK3","hPEP.NTRK3","PEP"
"Neuron33","pbmc3k",7325,73,"9","9","hPEP.CHRNA7","hPEP.CHRNA7","PEP"
"Neuron34","pbmc3k",5622,67,"0","0","hNP1","hNP1","NP"
"Neuron35","pbmc3k",5264,73,"0","0","hNP1","hNP1","NP"
"Neuron36","pbmc3k",5818,70,"0","0","hNP1","hNP1","NP"
"Neuron37","pbmc3k",6790,74,"7","7","hPEP.KIT","hPEP.KIT","PEP"
"Neuron38","pbmc3k",4144,74,"1","1","hPEP.TRPV1/A1.2","hPEP.TRPV1/A1.2","PEP"
"Neuron39","pbmc3k",1249,65,"3","3","hSST","hSST","NP"
"Neuron40","pbmc3k",6917,66,"6","6","hAd.LTMR","hAd.LTMR","NF"
"Neuron41","pbmc3k",5834,74,"0","0","hNP1","hNP1","NP"
"Neuron42","pbmc3k",1719,67,"5","5","hNP1","hNP1","NP"
"Neuron43","pbmc3k",2666,67,"6","6","hAd.LTMR","hAd.LTMR","NF"
"Neuron44","pbmc3k",558,53,"5","5","hNP1","hNP1","NP"
"Neuron45","pbmc3k",6331,69,"6","6","hAd.LTMR","hAd.LTMR","NF"
"Neuron46","pbmc3k",11157,76,"0","0","hNP1","hNP1","NP"
"Neuron47","pbmc3k",330,45,"14","14","hPEP0","hPEP.0","PEP"
"Neuron48","pbmc3k",5355,75,"4","4","hPEP.PIEZOh","hPEP.PIEZOh","PEP"
"Neuron49","pbmc3k",5145,60,"13","13","hAd.LTMR","hAd.LTMR","NF"
"Neuron50","pbmc3k",2861,66,"7","7","hPEP.KIT","hPEP.KIT","PEP"
"Neuron51","pbmc3k",2749,56,"2","2","hPEP.TRPV1/A1.1","hPEP.TRPV1/A1.1","PEP"
"Neuron52","pbmc3k",1008,55,"2","2","hPEP.TRPV1/A1.1","hPEP.TRPV1/A1.1","PEP"
"Neuron53","pbmc3k",1448,60,"1","1","hPEP.TRPV1/A1.2","hPEP.TRPV1/A1.2","PEP"
"Neuron54","pbmc3k",4726,73,"0","0","hNP1","hNP1","NP"
"Neuron55","pbmc3k",4648,65,"3","3","hSST","hSST","NP"
"Neuron56","pbmc3k",2980,68,"0","0","hNP1","hNP1","NP"
"Neuron57","pbmc3k",3731,68,"16","16","hTRPM8","hTRPM8","TRPM8"
"Neuron58","pbmc3k",943,55,"0","0","hNP1","hNP1","NP"
"Neuron59","pbmc3k",5069,73,"7","7","hPEP.KIT","hPEP.KIT","PEP"
"Neuron60","pbmc3k",2174,59,"2","2","hPEP.TRPV1/A1.1","hPEP.TRPV1/A1.1","PEP"
"Neuron61","pbmc3k",769,53,"16","16","hTRPM8","hTRPM8","TRPM8"
"Neuron62","pbmc3k",1458,65,"10","10","hPEP.NTRK3","hPEP.NTRK3","PEP"
"Neuron64","pbmc3k",1174,58,"10","10","hPEP.NTRK3","hPEP.NTRK3","PEP"
"Neuron65","pbmc3k",3182,65,"4","4","hPEP.PIEZOh","hPEP.PIEZOh","PEP"
"Neuron66","pbmc3k",4064,67,"0","0","hNP1","hNP1","NP"
"Neuron67","pbmc3k",880,62,"5","5","hNP1","hNP1","NP"
"Neuron68","pbmc3k",1497,59,"15","15","hNP2","hNP2","NP"
"Neuron69","pbmc3k",5506,68,"12","12","hPropr","hPropr","NF"
"Neuron70","pbmc3k",669,53,"9","9","hPEP.CHRNA7","hPEP.CHRNA7","PEP"
"Neuron71","pbmc3k",5678,76,"9","9","hPEP.CHRNA7","hPEP.CHRNA7","PEP"
"Neuron72","pbmc3k",5110,71,"3","3","hSST","hSST","NP"
"Neuron73","pbmc3k",7509,70,"8","8","hAb.LTMR","hAb.LTMR","NF"
"Neuron74","pbmc3k",8684,75,"12","12","hPropr","hPropr","NF"
"Neuron75","pbmc3k",6585,72,"12","12","hPropr","hPropr","NF"
"Neuron76","pbmc3k",7839,78,"9","9","hPEP.CHRNA7","hPEP.CHRNA7","PEP"
"Neuron78","pbmc3k",10729,78,"8","8","hAb.LTMR","hAb.LTMR","NF"
"Neuron79","pbmc3k",4647,73,"10","10","hPEP.NTRK3","hPEP.NTRK3","PEP"
"Neuron80","pbmc3k",2856,62,"9","9","hPEP.CHRNA7","hPEP.CHRNA7","PEP"
"Neuron81","pbmc3k",3544,66,"3","3","hSST","hSST","NP"
"Neuron82","pbmc3k",2283,62,"16","16","hTRPM8","hTRPM8","TRPM8"
"Neuron83","pbmc3k",3380,70,"10","10","hPEP.NTRK3","hPEP.NTRK3","PEP"
"Neuron84","pbmc3k",9336,67,"13","13","hAd.LTMR","hAd.LTMR","NF"
"Neuron85","pbmc3k",3868,73,"3","3","hSST","hSST","NP"
"Neuron87","pbmc3k",3829,68,"6","6","hAd.LTMR","hAd.LTMR","NF"
"Neuron88","pbmc3k",999,56,"0","0","hNP1","hNP1","NP"
"Neuron89","pbmc3k",2065,69,"5","5","hNP1","hNP1","NP"
"Neuron90","pbmc3k",1827,59,"16","16","hTRPM8","hTRPM8","TRPM8"
"Neuron91","pbmc3k",6294,70,"9","9","hPEP.CHRNA7","hPEP.CHRNA7","PEP"
"Neuron92","pbmc3k",1634,69,"5","5","hNP1","hNP1","NP"
"Neuron93","pbmc3k",6938,73,"7","7","hPEP.KIT","hPEP.KIT","PEP"
"Neuron94","pbmc3k",9492,71,"9","9","hPEP.CHRNA7","hPEP.CHRNA7","PEP"
"Neuron95","pbmc3k",3878,68,"2","2","hPEP.TRPV1/A1.1","hPEP.TRPV1/A1.1","PEP"
"Neuron96","pbmc3k",7551,72,"8","8","hAb.LTMR","hAb.LTMR","NF"
"Neuron97","pbmc3k",2686,69,"0","0","hNP1","hNP1","NP"
"Neuron98","pbmc3k",7531,77,"9","9","hPEP.CHRNA7","hPEP.CHRNA7","PEP"
"Neuron99","pbmc3k",11379,67,"13","13","hAd.LTMR","hAd.LTMR","NF"
"Neuron100","pbmc3k",432,47,"0","0","hNP1","hNP1","NP"
"Neuron101","pbmc3k",1108,50,"16","16","hTRPM8","hTRPM8","TRPM8"
"Neuron102","pbmc3k",7988,71,"10","10","hPEP.NTRK3","hPEP.NTRK3","PEP"
"Neuron103","pbmc3k",5089,68,"4","4","hPEP.PIEZOh","hPEP.PIEZOh","PEP"
"Neuron104","pbmc3k",5071,70,"7","7","hPEP.KIT","hPEP.KIT","PEP"
"Neuron105","pbmc3k",683,53,"0","0","hNP1","hNP1","NP"
"Neuron106","pbmc3k",2771,61,"2","2","hPEP.TRPV1/A1.1","hPEP.TRPV1/A1.1","PEP"
"Neuron107","pbmc3k",250,44,"14","14","hPEP0","hPEP.0","PEP"
"Neuron108","pbmc3k",8009,65,"13","13","hAd.LTMR","hAd.LTMR","NF"
"Neuron109","pbmc3k",9137,71,"0","0","hNP1","hNP1","NP"
"Neuron110","pbmc3k",1865,52,"2","2","hPEP.TRPV1/A1.1","hPEP.TRPV1/A1.1","PEP"
"Neuron111","pbmc3k",1768,66,"16","16","hTRPM8","hTRPM8","TRPM8"
"Neuron112","pbmc3k",2034,68,"15","15","hNP2","hNP2","NP"
"Neuron113","pbmc3k",3977,65,"0","0","hNP1","hNP1","NP"
"Neuron114","pbmc3k",1638,53,"2","2","hPEP.TRPV1/A1.1","hPEP.TRPV1/A1.1","PEP"
"Neuron115","pbmc3k",5307,73,"15","15","hNP2","hNP2","NP"
"Neuron116","pbmc3k",5032,68,"10","10","hPEP.NTRK3","hPEP.NTRK3","PEP"
"Neuron117","pbmc3k",8006,82,"15","15","hNP2","hNP2","NP"
"Neuron118","pbmc3k",1378,58,"9","9","hPEP.CHRNA7","hPEP.CHRNA7","PEP"
"Neuron119","pbmc3k",2309,63,"5","5","hNP1","hC.LTMR","NP"
"Neuron120","pbmc3k",1001,59,"14","14","hPEP0","hPEP.0","PEP"
"Neuron121","pbmc3k",434,53,"14","14","hPEP0","hPEP.0","PEP"
"Neuron122","pbmc3k",10194,73,"4","4","hPEP.PIEZOh","hPEP.PIEZOh","PEP"
"Neuron123","pbmc3k",1192,59,"3","3","hSST","hSST","NP"
"Neuron124","pbmc3k",5298,71,"2","2","hPEP.TRPV1/A1.1","hPEP.TRPV1/A1.1","PEP"
"Neuron125","pbmc3k",5070,71,"3","3","hSST","hSST","NP"
"Neuron126","pbmc3k",3009,60,"0","0","hNP1","hC.LTMR","NP"
"Neuron127","pbmc3k",2040,65,"4","4","hPEP.PIEZOh","hPEP.PIEZOh","PEP"
"Neuron128","pbmc3k",4136,66,"0","0","hNP1","hNP1","NP"
"Neuron129","pbmc3k",1058,50,"14","14","hPEP0","hPEP.0","PEP"
"Neuron131","pbmc3k",8170,70,"12","12","hPropr","hPropr","NF"
"Neuron132","pbmc3k",3271,63,"13","13","hAd.LTMR","hAd.LTMR","NF"
"Neuron134","pbmc3k",198,39,"6","6","hAd.LTMR","hAd.LTMR","NF"
"Neuron135","pbmc3k",3378,61,"6","6","hAd.LTMR","hAd.LTMR","NF"
"Neuron136","pbmc3k",5308,69,"0","0","hNP1","hNP1","NP"
"Neuron137","pbmc3k",446,50,"5","5","hNP1","hNP1","NP"
"Neuron138","pbmc3k",6048,72,"0","0","hNP1","hNP1","NP"
"Neuron139","pbmc3k",5231,63,"8","8","hAb.LTMR","hAb.LTMR","NF"
"Neuron140","pbmc3k",2224,64,"6","6","hAd.LTMR","hAd.LTMR","NF"
"Neuron141","pbmc3k",7616,73,"10","10","hPEP.NTRK3","hPEP.NTRK3","PEP"
"Neuron142","pbmc3k",4180,74,"3","3","hSST","hSST","NP"
"Neuron143","pbmc3k",1328,57,"0","0","hNP1","hNP1","NP"
"Neuron144","pbmc3k",992,60,"1","1","hPEP.TRPV1/A1.2","hPEP.TRPV1/A1.2","PEP"
"Neuron145","pbmc3k",937,60,"5","5","hNP1","hNP1","NP"
"Neuron146","pbmc3k",5590,70,"15","15","hNP2","hNP2","NP"
"Neuron147","pbmc3k",6565,70,"0","0","hNP1","hNP1","NP"
"Neuron148","pbmc3k",5100,67,"0","0","hNP1","hNP1","NP"
"Neuron149","pbmc3k",8507,66,"4","4","hPEP.PIEZOh","hPEP.PIEZOh","PEP"
"Neuron150","pbmc3k",4133,67,"9","9","hPEP.CHRNA7","hPEP.CHRNA7","PEP"
"Neuron151","pbmc3k",1819,57,"0","0","hNP1","hNP1","NP"
"Neuron152","pbmc3k",7768,76,"0","0","hNP1","hNP1","NP"
"Neuron153","pbmc3k",907,55,"16","16","hTRPM8","hTRPM8","TRPM8"
"Neuron154","pbmc3k",133,34,"3","3","hSST","hSST","NP"
"Neuron155","pbmc3k",1992,60,"2","2","hPEP.TRPV1/A1.1","hPEP.TRPV1/A1.1","PEP"
"Neuron156","pbmc3k",370,56,"3","3","hSST","hSST","NP"
"Neuron157","pbmc3k",2129,61,"6","6","hAd.LTMR","hAd.LTMR","NF"
"Neuron158","pbmc3k",4556,68,"0","0","hNP1","hNP1","NP"
"Neuron159","pbmc3k",938,61,"5","5","hNP1","hNP1","NP"
"Neuron160","pbmc3k",628,50,"16","16","hTRPM8","hTRPM8","TRPM8"
"Neuron161","pbmc3k",2534,70,"15","15","hNP2","hNP2","NP"
"Neuron162","pbmc3k",6552,70,"0","0","hNP1","hNP1","NP"
"Neuron163","pbmc3k",3968,70,"0","0","hNP1","hNP1","NP"
"Neuron164","pbmc3k",1799,52,"0","0","hNP1","hNP1","NP"
"Neuron165","pbmc3k",8079,76,"0","0","hNP1","hNP1","NP"
"Neuron166","pbmc3k",2971,63,"16","16","hTRPM8","hTRPM8","TRPM8"
"Neuron167","pbmc3k",3564,66,"0","0","hNP1","hNP1","NP"
"Neuron168","pbmc3k",5992,75,"9","9","hPEP.CHRNA7","hPEP.CHRNA7","PEP"
"Neuron169","pbmc3k",623,55,"0","0","hNP1","hNP1","NP"
"Neuron170","pbmc3k",5087,68,"0","0","hNP1","hNP1","NP"
"Neuron171","pbmc3k",6211,66,"0","0","hNP1","hNP1","NP"
"Neuron173","pbmc3k",1999,64,"14","14","hPEP0","hPEP.0","PEP"
"Neuron174","pbmc3k",379,47,"0","0","hNP1","hNP1","NP"
"Neuron175","pbmc3k",5091,70,"2","2","hPEP.TRPV1/A1.1","hPEP.TRPV1/A1.1","PEP"
"Neuron176","pbmc3k",6656,71,"0","0","hNP1","hNP1","NP"
"Neuron177","pbmc3k",5781,71,"0","0","hNP1","hNP1","NP"
"Neuron178","pbmc3k",2457,66,"4","4","hPEP.PIEZOh","hPEP.PIEZOh","PEP"
"Neuron179","pbmc3k",9889,75,"4","4","hPEP.PIEZOh","hPEP.PIEZOh","PEP"
"Neuron180","pbmc3k",10176,76,"4","4","hPEP.PIEZOh","hPEP.PIEZOh","PEP"
"Neuron181","pbmc3k",1560,69,"5","5","hNP1","hNP1","NP"
"Neuron182","pbmc3k",4971,69,"7","7","hPEP.KIT","hPEP.KIT","PEP"
"Neuron183","pbmc3k",2972,63,"2","2","hPEP.TRPV1/A1.1","hPEP.TRPV1/A1.1","PEP"
"Neuron184","pbmc3k",3914,74,"1","1","hPEP.TRPV1/A1.2","hPEP.TRPV1/A1.2","PEP"
"Neuron185","pbmc3k",7909,68,"12","12","hPropr","hPropr","NF"
"Neuron186","pbmc3k",504,47,"6","6","hAd.LTMR","hAd.LTMR","NF"
"Neuron187","pbmc3k",5297,71,"4","4","hPEP.PIEZOh","hPEP.PIEZOh","PEP"
"Neuron188","pbmc3k",5128,79,"0","0","hNP1","hNP1","NP"
"Neuron189","pbmc3k",4772,72,"12","12","hPropr","hPropr","NF"
"Neuron190","pbmc3k",571,46,"14","14","hPEP0","hPEP.0","PEP"
"Neuron191","pbmc3k",430,45,"0","0","hNP1","hNP1","NP"
"Neuron192","pbmc3k",1532,60,"3","3","hSST","hSST","NP"
"Neuron193","pbmc3k",80,22,"14","14","hPEP0","hPEP.0","PEP"
"Neuron194","pbmc3k",3157,65,"1","1","hPEP.TRPV1/A1.2","hPEP.TRPV1/A1.2","PEP"
"Neuron195","pbmc3k",8399,78,"10","10","hPEP.NTRK3","hPEP.NTRK3","PEP"
"Neuron196","pbmc3k",13909,78,"10","10","hPEP.NTRK3","hPEP.NTRK3","PEP"
"Neuron197","pbmc3k",12080,80,"10","10","hPEP.NTRK3","hPEP.NTRK3","PEP"
"Neuron198","pbmc3k",8952,72,"4","4","hPEP.PIEZOh","hPEP.PIEZOh","PEP"
"Neuron199","pbmc3k",5367,62,"6","6","hAd.LTMR","hAd.LTMR","NF"
"Neuron200","pbmc3k",3761,57,"6","6","hAd.LTMR","hAd.LTMR","NF"
"Neuron201","pbmc3k",11893,77,"10","10","hPEP.NTRK3","hPEP.NTRK3","PEP"
"Neuron202","pbmc3k",4239,69,"15","15","hNP2","hNP2","NP"
"Neuron203","pbmc3k",5572,69,"7","7","hPEP.KIT","hPEP.KIT","PEP"
"Neuron204","pbmc3k",7201,72,"6","6","hAd.LTMR","hAd.LTMR","NF"
"Neuron205","pbmc3k",4066,59,"8","8","hAb.LTMR","hAb.LTMR","NF"
"Neuron206","pbmc3k",6128,68,"12","12","hPropr","hPropr","NF"
"Neuron207","pbmc3k",5217,63,"12","12","hPropr","hPropr","NF"
"Neuron208","pbmc3k",1682,64,"7","7","hPEP.KIT","hPEP.KIT","PEP"
"Neuron209","pbmc3k",925,48,"2","2","hPEP.TRPV1/A1.1","hPEP.TRPV1/A1.1","PEP"
"Neuron210","pbmc3k",816,53,"14","14","hPEP0","hPEP.0","PEP"
"Neuron211","pbmc3k",2262,68,"14","14","hPEP0","hPEP.0","PEP"
"Neuron212","pbmc3k",5746,71,"2","2","hPEP.TRPV1/A1.1","hPEP.TRPV1/A1.1","PEP"
"Neuron213","pbmc3k",2243,68,"3","3","hSST","hSST","NP"
"Neuron214","pbmc3k",5370,70,"1","1","hPEP.TRPV1/A1.2","hPEP.TRPV1/A1.2","PEP"
"Neuron215","pbmc3k",12820,78,"4","4","hPEP.PIEZOh","hPEP.PIEZOh","PEP"
"Neuron216","pbmc3k",1879,64,"3","3","hSST","hSST","NP"
"Neuron217","pbmc3k",4434,58,"12","12","hPropr","hPropr","NF"
"Neuron218","pbmc3k",6955,60,"12","12","hPropr","hPropr","NF"
"Neuron219","pbmc3k",1457,48,"12","12","hPropr","hPropr","NF"
"Neuron220","pbmc3k",8489,68,"8","8","hAb.LTMR","hAb.LTMR","NF"
"Neuron221","pbmc3k",2772,61,"4","4","hPEP.PIEZOh","hPEP.PIEZOh","PEP"
"Neuron222","pbmc3k",3714,55,"13","13","hAd.LTMR","hAd.LTMR","NF"
"Neuron223","pbmc3k",5859,72,"4","4","hPEP.PIEZOh","hPEP.PIEZOh","PEP"
"Neuron224","pbmc3k",463,32,"12","12","hPropr","hPropr","NF"
"Neuron225","pbmc3k",4808,65,"6","6","hAd.LTMR","hAd.LTMR","NF"
"Neuron226","pbmc3k",3632,72,"3","3","hSST","hSST","NP"
"Neuron228","pbmc3k",8315,68,"10","10","hPEP.NTRK3","hPEP.NTRK3","PEP"
"Neuron229","pbmc3k",9965,69,"6","6","hAd.LTMR","hAd.LTMR","NF"
"Neuron230","pbmc3k",8615,70,"6","6","hAd.LTMR","hAd.LTMR","NF"
"Neuron231","pbmc3k",4147,66,"12","12","hPropr","hPropr","NF"
"Neuron232","pbmc3k",2049,70,"3","3","hSST","hSST","NP"
"Neuron233","pbmc3k",6159,70,"4","4","hPEP.PIEZOh","hPEP.PIEZOh","PEP"
"Neuron235","pbmc3k",10723,71,"10","10","hPEP.NTRK3","hPEP.NTRK3","PEP"
"Neuron236","pbmc3k",5552,68,"4","4","hPEP.PIEZOh","hPEP.PIEZOh","PEP"
"Neuron237","pbmc3k",8567,74,"15","15","hNP2","hNP2","NP"
"Neuron238","pbmc3k",3373,69,"9","9","hPEP.CHRNA7","hPEP.CHRNA7","PEP"
"Neuron239","pbmc3k",9900,68,"13","13","hAd.LTMR","hAd.LTMR","NF"
"Neuron240","pbmc3k",6008,71,"9","9","hPEP.CHRNA7","hPEP.CHRNA7","PEP"
"Neuron241","pbmc3k",5561,71,"12","12","hPropr","hPropr","NF"
"Neuron242","pbmc3k",2789,63,"0","0","hNP1","hNP1","NP"
"Neuron243","pbmc3k",5376,70,"3","3","hSST","hSST","NP"
"Neuron244","pbmc3k",2931,60,"2","2","hPEP.TRPV1/A1.1","hPEP.TRPV1/A1.1","PEP"
"Neuron245","pbmc3k",3112,74,"15","15","hNP2","hNP2","NP"
"Neuron246","pbmc3k",1921,54,"16","16","hTRPM8","hTRPM8","TRPM8"
"Neuron247","pbmc3k",9178,72,"0","0","hNP1","hNP1","NP"
"Neuron248","pbmc3k",9467,69,"12","12","hPropr","hPropr","NF"
"Neuron249","pbmc3k",3194,65,"7","7","hPEP.KIT","hPEP.KIT","PEP"
"Neuron250","pbmc3k",5864,71,"16","16","hTRPM8","hTRPM8","TRPM8"
"Neuron251","pbmc3k",6497,73,"9","9","hPEP.CHRNA7","hPEP.CHRNA7","PEP"
"Neuron252","pbmc3k",6081,69,"6","6","hAd.LTMR","hAd.LTMR","NF"
"Neuron253","pbmc3k",6143,67,"12","12","hPropr","hPropr","NF"
"Neuron254","pbmc3k",7222,75,"3","3","hSST","hSST","NP"
"Neuron255","pbmc3k",6714,61,"8","8","hAb.LTMR","hAb.LTMR","NF"
"Neuron256","pbmc3k",3518,62,"9","9","hPEP.CHRNA7","hPEP.CHRNA7","PEP"
"Neuron257","pbmc3k",4023,63,"16","16","hTRPM8","hTRPM8","TRPM8"
"Neuron258","pbmc3k",568,49,"4","4","hPEP.PIEZOh","hPEP.PIEZOh","PEP"
"Neuron259","pbmc3k",4836,72,"15","15","hNP2","hNP2","NP"
"Neuron260","pbmc3k",8458,73,"6","6","hAd.LTMR","hAd.LTMR","NF"
"Neuron261","pbmc3k",4298,66,"9","9","hPEP.CHRNA7","hPEP.CHRNA7","PEP"
"Neuron262","pbmc3k",6248,74,"0","0","hNP1","hNP1","NP"
"Neuron263","pbmc3k",5816,70,"15","15","hNP2","hNP2","NP"
"Neuron264","pbmc3k",4911,65,"9","9","hPEP.CHRNA7","hPEP.CHRNA7","PEP"
"Neuron265","pbmc3k",4042,73,"15","15","hNP2","hNP2","NP"
"Neuron266","pbmc3k",1046,59,"6","6","hAd.LTMR","hAd.LTMR","NF"
"Neuron267","pbmc3k",7528,76,"4","4","hPEP.PIEZOh","hPEP.PIEZOh","PEP"
"Neuron268","pbmc3k",6921,69,"8","8","hAb.LTMR","hAb.LTMR","NF"
"Neuron272","pbmc3k",3055,62,"2","2","hPEP.TRPV1/A1.1","hPEP.TRPV1/A1.1","PEP"
"Neuron273","pbmc3k",11088,70,"6","6","hAd.LTMR","hAd.LTMR","NF"
"Neuron274","pbmc3k",5335,75,"15","15","hNP2","hNP2","NP"
"Neuron275","pbmc3k",6899,67,"10","10","hPEP.NTRK3","hPEP.NTRK3","PEP"
"Neuron276","pbmc3k",1087,63,"3","3","hSST","hSST","NP"
"Neuron277","pbmc3k",8891,74,"0","0","hNP1","hNP1","NP"
"Neuron278","pbmc3k",1353,61,"3","3","hSST","hSST","NP"
"Neuron279","pbmc3k",2433,63,"0","0","hNP1","hNP1","NP"
"Neuron280","pbmc3k",7579,78,"3","3","hSST","hSST","NP"
"Neuron281","pbmc3k",8174,73,"6","6","hAd.LTMR","hAd.LTMR","NF"
"Neuron282","pbmc3k",1185,56,"6","6","hAd.LTMR","hAd.LTMR","NF"
"Neuron283","pbmc3k",2782,66,"2","2","hPEP.TRPV1/A1.1","hPEP.TRPV1/A1.1","PEP"
"Neuron284","pbmc3k",3429,70,"3","3","hSST","hSST","NP"
"Neuron285","pbmc3k",2164,61,"12","12","hPropr","hPropr","NF"
"Neuron286","pbmc3k",4371,61,"0","0","hNP1","hNP1","NP"
"Neuron287","pbmc3k",11695,71,"4","4","hPEP.PIEZOh","hPEP.PIEZOh","PEP"
"Neuron288","pbmc3k",8098,67,"13","13","hAd.LTMR","hAd.LTMR","NF"
"Neuron289","pbmc3k",2437,63,"2","2","hPEP.TRPV1/A1.1","hPEP.TRPV1/A1.1","PEP"
"Neuron290","pbmc3k",8553,71,"12","12","hPropr","hPropr","NF"
"Neuron291","pbmc3k",3506,71,"16","16","hTRPM8","hTRPM8","TRPM8"
"Neuron292","pbmc3k",2537,72,"7","7","hPEP.KIT","hPEP.KIT","PEP"
"Neuron293","pbmc3k",8063,73,"1","1","hPEP.TRPV1/A1.2","hPEP.TRPV1/A1.2","PEP"
"Neuron294","pbmc3k",4555,64,"12","12","hPropr","hPropr","NF"
"Neuron295","pbmc3k",5584,73,"3","3","hSST","hSST","NP"
"Neuron296","pbmc3k",9455,79,"3","3","hSST","hSST","NP"
"Neuron297","pbmc3k",9326,74,"9","9","hPEP.CHRNA7","hPEP.CHRNA7","PEP"
"Neuron298","pbmc3k",423,41,"12","12","hPropr","hPropr","NF"
"Neuron299","pbmc3k",8886,69,"12","12","hPropr","hPropr","NF"
"Neuron300","pbmc3k",8097,77,"3","3","hSST","hSST","NP"
"Neuron301","pbmc3k",317,44,"3","3","hSST","hSST","NP"
"Neuron303","pbmc3k",422,49,"3","3","hSST","hSST","NP"
"Neuron304","pbmc3k",6804,76,"15","15","hNP2","hNP2","NP"
"Neuron305","pbmc3k",1034,54,"3","3","hSST","hSST","NP"
"Neuron306","pbmc3k",7963,74,"0","0","hNP1","hNP1","NP"
"Neuron307","pbmc3k",7053,69,"0","0","hNP1","hNP1","NP"
"Neuron308","pbmc3k",10772,77,"10","10","hPEP.NTRK3","hPEP.NTRK3","PEP"
"Neuron309","pbmc3k",3699,66,"9","9","hPEP.CHRNA7","hPEP.CHRNA7","PEP"
"Neuron310","pbmc3k",8718,77,"10","10","hPEP.NTRK3","hPEP.NTRK3","PEP"
"Neuron311","pbmc3k",2775,64,"10","10","hPEP.NTRK3","hPEP.NTRK3","PEP"
"Neuron312","pbmc3k",6800,69,"0","0","hNP1","hNP1","NP"
"Neuron313","pbmc3k",3271,66,"9","9","hPEP.CHRNA7","hPEP.CHRNA7","PEP"
"Neuron314","pbmc3k",6148,76,"15","15","hNP2","hNP2","NP"
"Neuron315","pbmc3k",3505,65,"6","6","hAd.LTMR","hAd.LTMR","NF"
"Neuron316","pbmc3k",3866,75,"9","9","hPEP.CHRNA7","hPEP.CHRNA7","PEP"
"Neuron317","pbmc3k",8303,77,"1","1","hPEP.TRPV1/A1.2","hPEP.TRPV1/A1.2","PEP"
"Neuron318","pbmc3k",8673,74,"0","0","hNP1","hNP1","NP"
"Neuron319","pbmc3k",360,43,"0","0","hNP1","hNP1","NP"
"Neuron320","pbmc3k",7030,79,"1","1","hPEP.TRPV1/A1.2","hPEP.TRPV1/A1.2","PEP"
"Neuron321","pbmc3k",6133,75,"4","4","hPEP.PIEZOh","hPEP.PIEZOh","PEP"
"Neuron322","pbmc3k",1318,51,"12","12","hPropr","hPropr","NF"
"Neuron323","pbmc3k",5015,74,"0","0","hNP1","hNP1","NP"
"Neuron324","pbmc3k",2412,60,"9","9","hPEP.CHRNA7","hPEP.CHRNA7","PEP"
"Neuron325","pbmc3k",4809,64,"8","8","hAb.LTMR","hAb.LTMR","NF"
"Neuron326","pbmc3k",6696,74,"1","1","hPEP.TRPV1/A1.2","hPEP.TRPV1/A1.2","PEP"
"Neuron327","pbmc3k",4812,73,"16","16","hTRPM8","hTRPM8","TRPM8"
"Neuron328","pbmc3k",5164,74,"3","3","hSST","hSST","NP"
"Neuron329","pbmc3k",6691,77,"5","5","hNP1","hNP1","NP"
"Neuron330","pbmc3k",8552,75,"0","0","hNP1","hNP1","NP"
"Neuron331","pbmc3k",4968,69,"0","0","hNP1","hNP1","NP"
"Neuron332","pbmc3k",4200,63,"1","1","hPEP.TRPV1/A1.2","hPEP.TRPV1/A1.2","PEP"
"Neuron333","pbmc3k",4059,61,"13","13","hAd.LTMR","hAd.LTMR","NF"
"Neuron334","pbmc3k",887,45,"13","13","hAd.LTMR","hAd.LTMR","NF"
"Neuron335","pbmc3k",4409,71,"3","3","hSST","hSST","NP"
"Neuron336","pbmc3k",1701,58,"12","12","hPropr","hPropr","NF"
"Neuron337","pbmc3k",4131,68,"6","6","hAd.LTMR","hAd.LTMR","NF"
"Neuron338","pbmc3k",810,53,"7","7","hPEP.KIT","hPEP.KIT","PEP"
"Neuron339","pbmc3k",2485,67,"0","0","hNP1","hNP1","NP"
"Neuron340","pbmc3k",5120,71,"6","6","hAd.LTMR","hAd.LTMR","NF"
"Neuron341","pbmc3k",5676,63,"6","6","hAd.LTMR","hAd.LTMR","NF"
"Neuron342","pbmc3k",3261,65,"12","12","hPropr","hPropr","NF"
"Neuron343","pbmc3k",8341,71,"9","9","hPEP.CHRNA7","hPEP.CHRNA7","PEP"
"Neuron344","pbmc3k",1603,56,"6","6","hAd.LTMR","hAd.LTMR","NF"
"Neuron346","pbmc3k",3858,56,"13","13","hAd.LTMR","hAd.LTMR","NF"
"Neuron347","pbmc3k",8813,65,"12","12","hPropr","hPropr","NF"
"Neuron348","pbmc3k",2531,53,"2","2","hPEP.TRPV1/A1.1","hPEP.TRPV1/A1.1","PEP"
"Neuron349","pbmc3k",3401,67,"3","3","hSST","hSST","NP"
"Neuron350","pbmc3k",1051,50,"6","6","hAd.LTMR","hAd.LTMR","NF"
"Neuron351","pbmc3k",1468,53,"2","2","hPEP.TRPV1/A1.1","hPEP.TRPV1/A1.1","PEP"
"Neuron352","pbmc3k",3985,70,"10","10","hPEP.NTRK3","hPEP.NTRK3","PEP"
"Neuron353","pbmc3k",4130,66,"6","6","hAd.LTMR","hAd.LTMR","NF"
"Neuron354","pbmc3k",4839,73,"3","3","hSST","hSST","NP"
"Neuron355","pbmc3k",6222,69,"0","0","hNP1","hNP1","NP"
"Neuron356","pbmc3k",5233,66,"6","6","hAd.LTMR","hAd.LTMR","NF"
"Neuron357","pbmc3k",10441,74,"10","10","hPEP.NTRK3","hPEP.NTRK3","PEP"
"Neuron358","pbmc3k",2513,68,"16","16","hTRPM8","hTRPM8","TRPM8"
"Neuron359","pbmc3k",8653,68,"12","12","hPropr","hPropr","NF"
"Neuron360","pbmc3k",8877,75,"9","9","hPEP.CHRNA7","hPEP.CHRNA7","PEP"
"Neuron362","pbmc3k",556,48,"6","6","hAd.LTMR","hAd.LTMR","NF"
"Neuron363","pbmc3k",6152,72,"12","12","hPropr","hPropr","NF"
"Neuron364","pbmc3k",6965,72,"9","9","hPEP.CHRNA7","hPEP.CHRNA7","PEP"
"Neuron365","pbmc3k",5832,64,"12","12","hPropr","hPropr","NF"
"Neuron366","pbmc3k",3589,62,"12","12","hPropr","hPropr","NF"
"Neuron367","pbmc3k",362,48,"5","5","hNP1","hNP1","NP"
"Neuron368","pbmc3k",1255,60,"16","16","hTRPM8","hTRPM8","TRPM8"
"Neuron369","pbmc3k",1082,55,"6","6","hAd.LTMR","hAd.LTMR","NF"
"Neuron370","pbmc3k",2307,58,"2","2","hPEP.TRPV1/A1.1","hPEP.TRPV1/A1.1","PEP"
"Neuron371","pbmc3k",1093,49,"8","8","hAb.LTMR","hAb.LTMR","NF"
"Neuron372","pbmc3k",1643,58,"9","9","hPEP.CHRNA7","hPEP.CHRNA7","PEP"
"Neuron373","pbmc3k",4909,68,"3","3","hSST","hSST","NP"
"Neuron374","pbmc3k",5378,72,"6","6","hAd.LTMR","hAd.LTMR","NF"
"Neuron375","pbmc3k",4395,68,"9","9","hPEP.CHRNA7","hPEP.CHRNA7","PEP"
"Neuron376","pbmc3k",272,36,"9","9","hPEP.CHRNA7","hPEP.CHRNA7","PEP"
"Neuron377","pbmc3k",5945,63,"8","8","hAb.LTMR","hAb.LTMR","NF"
"Neuron378","pbmc3k",4535,59,"13","13","hAd.LTMR","hAd.LTMR","NF"
"Neuron379","pbmc3k",1888,68,"3","3","hSST","hSST","NP"
"Neuron380","pbmc3k",8910,76,"10","10","hPEP.NTRK3","hPEP.NTRK3","PEP"
"Neuron381","pbmc3k",5690,71,"2","2","hPEP.TRPV1/A1.1","hPEP.TRPV1/A1.1","PEP"
"Neuron382","pbmc3k",5265,68,"6","6","hAd.LTMR","hAd.LTMR","NF"
"Neuron383","pbmc3k",3177,62,"6","6","hAd.LTMR","hAd.LTMR","NF"
"Neuron384","pbmc3k",3485,64,"2","2","hPEP.TRPV1/A1.1","hPEP.TRPV1/A1.1","PEP"
"Neuron385","pbmc3k",14551,76,"10","10","hPEP.NTRK3","hPEP.NTRK3","PEP"
"Neuron386","pbmc3k",7363,64,"8","8","hAb.LTMR","hAb.LTMR","NF"
"Neuron387","pbmc3k",2620,60,"3","3","hSST","hSST","NP"
"Neuron388","pbmc3k",3021,67,"10","10","hPEP.NTRK3","hPEP.NTRK3","PEP"
"Neuron389","pbmc3k",8540,72,"9","9","hPEP.CHRNA7","hPEP.CHRNA7","PEP"
"Neuron390","pbmc3k",13333,75,"8","8","hAb.LTMR","hAb.LTMR","NF"
"Neuron391","pbmc3k",6715,73,"9","9","hPEP.CHRNA7","hPEP.CHRNA7","PEP"
"Neuron392","pbmc3k",5420,67,"2","2","hPEP.TRPV1/A1.1","hPEP.TRPV1/A1.1","PEP"
"Neuron393","pbmc3k",8254,77,"0","0","hNP1","hNP1","NP"
"Neuron394","pbmc3k",5449,75,"4","4","hPEP.PIEZOh","hPEP.PIEZOh","PEP"
"Neuron395","pbmc3k",3638,72,"0","0","hNP1","hNP1","NP"
"Neuron396","pbmc3k",6321,73,"3","3","hSST","hSST","NP"
"Neuron397","pbmc3k",6581,74,"3","3","hSST","hSST","NP"
"Neuron398","pbmc3k",6301,76,"3","3","hSST","hSST","NP"
"Neuron399","pbmc3k",2782,71,"0","0","hNP1","hNP1","NP"
"Neuron400","pbmc3k",1620,69,"16","16","hTRPM8","hTRPM8","TRPM8"
"Neuron401","pbmc3k",1651,65,"3","3","hSST","hSST","NP"
"Neuron402","pbmc3k",10532,77,"7","7","hPEP.KIT","hPEP.KIT","PEP"
"Neuron403","pbmc3k",11986,75,"4","4","hPEP.PIEZOh","hPEP.PIEZOh","PEP"
"Neuron404","pbmc3k",1935,68,"3","3","hSST","hSST","NP"
"Neuron405","pbmc3k",1024,48,"3","3","hSST","hSST","NP"
"Neuron406","pbmc3k",526,54,"9","9","hPEP.CHRNA7","hPEP.CHRNA7","PEP"
"Neuron407","pbmc3k",763,58,"4","4","hPEP.PIEZOh","hPEP.PIEZOh","PEP"
"Neuron408","pbmc3k",7424,81,"3","3","hSST","hSST","NP"
"Neuron409","pbmc3k",6711,66,"0","0","hNP1","hNP1","NP"
"Neuron410","pbmc3k",5797,73,"9","9","hPEP.CHRNA7","hPEP.CHRNA7","PEP"
"Neuron411","pbmc3k",6183,73,"15","15","hNP2","hNP2","NP"
"Neuron412","pbmc3k",5249,71,"7","7","hPEP.KIT","hPEP.KIT","PEP"
"Neuron413","pbmc3k",487,48,"2","2","hPEP.TRPV1/A1.1","hPEP.TRPV1/A1.1","PEP"
"Neuron414","pbmc3k",4554,76,"4","4","hPEP.PIEZOh","hPEP.PIEZOh","PEP"
"Neuron415","pbmc3k",1676,55,"7","7","hPEP.KIT","hPEP.KIT","PEP"
"Neuron417","pbmc3k",9644,79,"9","9","hPEP.CHRNA7","hPEP.CHRNA7","PEP"
"Neuron418","pbmc3k",5881,76,"15","15","hNP2","hNP2","NP"
"Neuron419","pbmc3k",5794,70,"7","7","hPEP.KIT","hPEP.KIT","PEP"
"Neuron420","pbmc3k",1155,65,"15","15","hNP2","hNP2","NP"
"Neuron421","pbmc3k",2026,66,"4","4","hPEP.PIEZOh","hPEP.PIEZOh","PEP"
"Neuron422","pbmc3k",1722,57,"3","3","hSST","hSST","NP"
"Neuron423","pbmc3k",5713,72,"4","4","hPEP.PIEZOh","hPEP.PIEZOh","PEP"
"Neuron424","pbmc3k",3682,74,"12","12","hPropr","hPropr","NF"
"Neuron425","pbmc3k",4789,69,"1","1","hPEP.TRPV1/A1.2","hPEP.TRPV1/A1.2","PEP"
"Neuron426","pbmc3k",1967,60,"3","3","hSST","hSST","NP"
"Neuron427","pbmc3k",9384,75,"6","6","hAd.LTMR","hAd.LTMR","NF"
"Neuron428","pbmc3k",4320,73,"3","3","hSST","hSST","NP"
"Neuron429","pbmc3k",6117,77,"1","1","hPEP.TRPV1/A1.2","hPEP.TRPV1/A1.2","PEP"
"Neuron430","pbmc3k",7084,79,"3","3","hSST","hSST","NP"
"Neuron431","pbmc3k",8546,78,"9","9","hPEP.CHRNA7","hPEP.CHRNA7","PEP"
"Neuron432","pbmc3k",10598,70,"8","8","hAb.LTMR","hAb.LTMR","NF"
"Neuron434","pbmc3k",5971,65,"10","10","hPEP.NTRK3","hPEP.NTRK3","PEP"
"Neuron435","pbmc3k",2134,60,"12","12","hPropr","hPropr","NF"
"Neuron436","pbmc3k",415,50,"14","14","hPEP0","hPEP.0","PEP"
"Neuron437","pbmc3k",3821,66,"8","8","hAb.LTMR","hAb.LTMR","NF"
"Neuron439","pbmc3k",7430,75,"10","10","hPEP.NTRK3","hPEP.NTRK3","PEP"
"Neuron440","pbmc3k",16078,75,"8","8","hAb.LTMR","hAb.LTMR","NF"
"Neuron441","pbmc3k",4384,63,"12","12","hPropr","hPropr","NF"
"Neuron442","pbmc3k",5295,71,"6","6","hAd.LTMR","hAd.LTMR","NF"
"Neuron443","pbmc3k",3707,69,"3","3","hSST","hSST","NP"
"Neuron445","pbmc3k",4048,72,"3","3","hSST","hSST","NP"
"Neuron446","pbmc3k",8716,82,"9","9","hPEP.CHRNA7","hPEP.CHRNA7","PEP"
"Neuron448","pbmc3k",4074,69,"15","15","hNP2","hNP2","NP"
"Neuron449","pbmc3k",13246,74,"10","10","hPEP.NTRK3","hPEP.NTRK3","PEP"
"Neuron451","pbmc3k",1894,60,"3","3","hSST","hSST","NP"
"Neuron452","pbmc3k",7136,64,"13","13","hAd.LTMR","hAd.LTMR","NF"
"Neuron453","pbmc3k",579,48,"9","9","hPEP.CHRNA7","hPEP.CHRNA7","PEP"
"Neuron454","pbmc3k",9213,78,"10","10","hPEP.NTRK3","hPEP.NTRK3","PEP"
"Neuron455","pbmc3k",5309,62,"12","12","hPropr","hPropr","NF"
"Neuron456","pbmc3k",6916,72,"15","15","hNP2","hNP2","NP"
"Neuron458","pbmc3k",14963,70,"10","10","hPEP.NTRK3","hPEP.NTRK3","PEP"
"Neuron459","pbmc3k",6524,67,"6","6","hAd.LTMR","hAd.LTMR","NF"
"Neuron460","pbmc3k",7059,64,"12","12","hPropr","hPropr","NF"
"Neuron461","pbmc3k",358,49,"0","0","hNP1","hNP1","NP"
"Neuron462","pbmc3k",4049,66,"6","6","hAd.LTMR","hAd.LTMR","NF"
"Neuron463","pbmc3k",16011,75,"8","8","hAb.LTMR","hATF3","NF"
"Neuron464","pbmc3k",3650,67,"3","3","hSST","hSST","NP"
"Neuron465","pbmc3k",3843,71,"6","6","hAd.LTMR","hAd.LTMR","NF"
"Neuron466","pbmc3k",2205,59,"6","6","hAd.LTMR","hAd.LTMR","NF"
"Neuron467","pbmc3k",1163,61,"5","5","hNP1","hNP1","NP"
"Neuron468","pbmc3k",509,49,"13","13","hAd.LTMR","hAd.LTMR","NF"
"Neuron469","pbmc3k",7873,79,"5","5","hNP1","hNP1","NP"
"Neuron470","pbmc3k",2719,68,"0","0","hNP1","hNP1","NP"
"Neuron471","pbmc3k",299,49,"0","0","hNP1","hNP1","NP"
"Neuron472","pbmc3k",8964,73,"0","0","hNP1","hNP1","NP"
"Neuron473","pbmc3k",465,53,"0","0","hNP1","hNP1","NP"
"Neuron474","pbmc3k",766,50,"6","6","hAd.LTMR","hAd.LTMR","NF"
"Neuron475","pbmc3k",6996,69,"0","0","hNP1","hNP1","NP"
"Neuron476","pbmc3k",10534,76,"10","10","hPEP.NTRK3","hPEP.NTRK3","PEP"
"Neuron477","pbmc3k",533,54,"9","9","hPEP.CHRNA7","hPEP.CHRNA7","PEP"
"Neuron478","pbmc3k",9150,66,"13","13","hAd.LTMR","hAd.LTMR","NF"
"Neuron479","pbmc3k",10179,77,"15","15","hNP2","hNP2","NP"
"Neuron480","pbmc3k",7009,70,"0","0","hNP1","hNP1","NP"
"Neuron481","pbmc3k",1303,52,"12","12","hPropr","hPropr","NF"
"Neuron482","pbmc3k",4914,75,"15","15","hNP2","hNP2","NP"
"Neuron484","pbmc3k",4808,76,"15","15","hNP2","hNP2","NP"
"Neuron485","pbmc3k",5404,72,"0","0","hNP1","hNP1","NP"
"Neuron486","pbmc3k",5940,75,"3","3","hSST","hSST","NP"
"Neuron487","pbmc3k",4965,77,"12","12","hPropr","hPropr","NF"
"Neuron488","pbmc3k",5421,79,"5","5","hNP1","hNP1","NP"
"Neuron489","pbmc3k",994,61,"4","4","hPEP.PIEZOh","hPEP.PIEZOh","PEP"
"Neuron490","pbmc3k",986,58,"10","10","hPEP.NTRK3","hPEP.NTRK3","PEP"
"Neuron491","pbmc3k",3219,74,"5","5","hNP1","hNP1","NP"
"Neuron492","pbmc3k",7896,81,"5","5","hNP1","hNP1","NP"
"Neuron493","pbmc3k",3488,60,"2","2","hPEP.TRPV1/A1.1","hPEP.TRPV1/A1.1","PEP"
"Neuron494","pbmc3k",775,61,"5","5","hNP1","hNP1","NP"
"Neuron495","pbmc3k",1916,73,"5","5","hNP1","hNP1","NP"
"Neuron496","pbmc3k",3236,62,"1","1","hPEP.TRPV1/A1.2","hPEP.TRPV1/A1.2","PEP"
"Neuron497","pbmc3k",4697,55,"13","13","hAd.LTMR","hAd.LTMR","NF"
"Neuron498","pbmc3k",2813,67,"10","10","hPEP.NTRK3","hPEP.NTRK3","PEP"
"Neuron499","pbmc3k",1549,62,"3","3","hSST","hSST","NP"
"Neuron500","pbmc3k",4854,72,"5","5","hNP1","hNP1","NP"
"Neuron502","pbmc3k",9111,73,"0","0","hNP1","hNP1","NP"
"Neuron503","pbmc3k",3217,66,"0","0","hNP1","hNP1","NP"
"Neuron504","pbmc3k",2041,68,"16","16","hTRPM8","hTRPM8","TRPM8"
"Neuron505","pbmc3k",791,67,"5","5","hNP1","hNP1","NP"
"Neuron506","pbmc3k",4144,71,"15","15","hNP2","hNP2","NP"
"Neuron507","pbmc3k",5965,75,"0","0","hNP1","hNP1","NP"
"Neuron508","pbmc3k",3022,62,"2","2","hPEP.TRPV1/A1.1","hPEP.TRPV1/A1.1","PEP"
"Neuron509","pbmc3k",2309,74,"15","15","hNP2","hNP2","NP"
"Neuron510","pbmc3k",5919,75,"0","0","hNP1","hNP1","NP"
"Neuron511","pbmc3k",3209,66,"1","1","hPEP.TRPV1/A1.2","hPEP.TRPV1/A1.2","PEP"
"Neuron512","pbmc3k",5215,77,"3","3","hSST","hSST","NP"
"Neuron513","pbmc3k",8443,75,"3","3","hSST","hSST","NP"
"Neuron514","pbmc3k",9501,76,"5","5","hNP1","hNP1","NP"
"Neuron515","pbmc3k",5322,68,"1","1","hPEP.TRPV1/A1.2","hPEP.TRPV1/A1.2","PEP"
"Neuron516","pbmc3k",6032,70,"6","6","hAd.LTMR","hAd.LTMR","NF"
"Neuron517","pbmc3k",12227,72,"10","10","hPEP.NTRK3","hPEP.NTRK3","PEP"
"Neuron518","pbmc3k",11924,69,"6","6","hAd.LTMR","hAd.LTMR","NF"
"Neuron519","pbmc3k",523,39,"13","13","hAd.LTMR","hAd.LTMR","NF"
"Neuron520","pbmc3k",1076,59,"3","3","hSST","hSST","NP"
"Neuron521","pbmc3k",6810,77,"0","0","hNP1","hNP1","NP"
"Neuron522","pbmc3k",9389,74,"9","9","hPEP.CHRNA7","hPEP.CHRNA7","PEP"
"Neuron523","pbmc3k",4115,75,"1","1","hPEP.TRPV1/A1.2","hPEP.TRPV1/A1.2","PEP"
"Neuron524","pbmc3k",1342,64,"1","1","hPEP.TRPV1/A1.2","hPEP.TRPV1/A1.2","PEP"
"Neuron525","pbmc3k",3919,76,"10","10","hPEP.NTRK3","hPEP.NTRK3","PEP"
"Neuron526","pbmc3k",2539,69,"3","3","hSST","hSST","NP"
"Neuron527","pbmc3k",4696,73,"9","9","hPEP.CHRNA7","hPEP.CHRNA7","PEP"
"Neuron528","pbmc3k",7281,73,"9","9","hPEP.CHRNA7","hPEP.CHRNA7","PEP"
"Neuron529","pbmc3k",3408,72,"3","3","hSST","hSST","NP"
"Neuron530","pbmc3k",5218,74,"9","9","hPEP.CHRNA7","hPEP.CHRNA7","PEP"
"Neuron531","pbmc3k",4873,63,"2","2","hPEP.TRPV1/A1.1","hPEP.TRPV1/A1.1","PEP"
"Neuron532","pbmc3k",2053,70,"5","5","hNP1","hNP1","NP"
"Neuron533","pbmc3k",2757,70,"1","1","hPEP.TRPV1/A1.2","hPEP.TRPV1/A1.2","PEP"
"Neuron534","pbmc3k",3963,73,"10","10","hPEP.NTRK3","hPEP.NTRK3","PEP"
"Neuron535","pbmc3k",1805,55,"6","6","hAd.LTMR","hAd.LTMR","NF"
"Neuron536","pbmc3k",4887,60,"6","6","hAd.LTMR","hAd.LTMR","NF"
"Neuron537","pbmc3k",275,42,"13","13","hAd.LTMR","hAd.LTMR","NF"
"Neuron538","pbmc3k",710,53,"6","6","hAd.LTMR","hAd.LTMR","NF"
"Neuron539","pbmc3k",278,44,"15","15","hNP2","hNP2","NP"
"Neuron540","pbmc3k",11061,73,"8","8","hAb.LTMR","hAb.LTMR","NF"
"Neuron541","pbmc3k",625,52,"9","9","hPEP.CHRNA7","hPEP.CHRNA7","PEP"
"Neuron543","pbmc3k",855,52,"6","6","hAd.LTMR","hAd.LTMR","NF"
"Neuron544","pbmc3k",149,30,"2","2","hPEP.TRPV1/A1.1","hPEP.TRPV1/A1.1","PEP"
"Neuron545","pbmc3k",984,59,"8","8","hAb.LTMR","hAb.LTMR","NF"
"Neuron546","pbmc3k",2740,75,"10","10","hPEP.NTRK3","hPEP.NTRK3","PEP"
"Neuron547","pbmc3k",662,49,"10","10","hPEP.NTRK3","hPEP.NTRK3","PEP"
"Neuron548","pbmc3k",1210,59,"15","15","hNP2","hNP2","NP"
"Neuron549","pbmc3k",3453,74,"5","5","hNP1","hNP1","NP"
"Neuron550","pbmc3k",261,49,"10","10","hPEP.NTRK3","hPEP.NTRK3","PEP"
"Neuron551","pbmc3k",1641,60,"6","6","hAd.LTMR","hAd.LTMR","NF"
"Neuron552","pbmc3k",7171,72,"0","0","hNP1","hNP1","NP"
"Neuron553","pbmc3k",502,50,"6","6","hAd.LTMR","hAd.LTMR","NF"
"Neuron554","pbmc3k",441,51,"0","0","hNP1","hNP1","NP"
"Neuron555","pbmc3k",8304,70,"8","8","hAb.LTMR","hAb.LTMR","NF"
"Neuron556","pbmc3k",3444,53,"8","8","hAb.LTMR","hAb.LTMR","NF"
"Neuron557","pbmc3k",507,42,"8","8","hAb.LTMR","hAb.LTMR","NF"
"Neuron558","pbmc3k",12248,72,"8","8","hAb.LTMR","hATF3","NF"
"Neuron559","pbmc3k",8789,69,"10","10","hPEP.NTRK3","hPEP.NTRK3","PEP"
"Neuron560","pbmc3k",10827,67,"8","8","hAb.LTMR","hAb.LTMR","NF"
"Neuron561","pbmc3k",2052,66,"10","10","hPEP.NTRK3","hPEP.NTRK3","PEP"
"Neuron562","pbmc3k",6873,67,"8","8","hAb.LTMR","hAb.LTMR","NF"
"Neuron563","pbmc3k",2892,67,"9","9","hPEP.CHRNA7","hPEP.CHRNA7","PEP"
"Neuron564","pbmc3k",10768,76,"9","9","hPEP.CHRNA7","hPEP.CHRNA7","PEP"
"Neuron565","pbmc3k",434,49,"6","6","hAd.LTMR","hAd.LTMR","NF"
"Neuron566","pbmc3k",3295,73,"5","5","hNP1","hNP1","NP"
"Neuron567","pbmc3k",5904,77,"5","5","hNP1","hNP1","NP"
"Neuron568","pbmc3k",926,55,"7","7","hPEP.KIT","hPEP.KIT","PEP"
"Neuron569","pbmc3k",3175,60,"1","1","hPEP.TRPV1/A1.2","hPEP.TRPV1/A1.2","PEP"
"Neuron570","pbmc3k",7343,75,"9","9","hPEP.CHRNA7","hPEP.CHRNA7","PEP"
"Neuron571","pbmc3k",2191,65,"3","3","hSST","hSST","NP"
"Neuron572","pbmc3k",762,52,"3","3","hSST","hSST","NP"
"Neuron573","pbmc3k",934,65,"5","5","hNP1","hNP1","NP"
"Neuron574","pbmc3k",1519,71,"7","7","hPEP.KIT","hPEP.KIT","PEP"
"Neuron575","pbmc3k",5267,73,"16","16","hTRPM8","hTRPM8","TRPM8"
"Neuron576","pbmc3k",780,51,"14","14","hPEP0","hPEP.0","PEP"
"Neuron577","pbmc3k",703,48,"14","14","hPEP0","hPEP.0","PEP"
"Neuron578","pbmc3k",811,60,"5","5","hNP1","hNP1","NP"
"Neuron579","pbmc3k",7636,76,"3","3","hSST","hSST","NP"
"Neuron580","pbmc3k",10719,75,"10","10","hPEP.NTRK3","hPEP.NTRK3","PEP"
"Neuron581","pbmc3k",7383,75,"0","0","hNP1","hNP1","NP"
"Neuron583","pbmc3k",2230,70,"5","5","hNP1","hNP1","NP"
"Neuron584","pbmc3k",2575,65,"2","2","hPEP.TRPV1/A1.1","hPEP.TRPV1/A1.1","PEP"
"Neuron585","pbmc3k",1008,62,"14","14","hPEP0","hPEP.0","PEP"
"Neuron586","pbmc3k",6204,76,"3","3","hSST","hSST","NP"
"Neuron587","pbmc3k",9134,73,"9","9","hPEP.CHRNA7","hPEP.CHRNA7","PEP"
"Neuron589","pbmc3k",4862,71,"2","2","hPEP.TRPV1/A1.1","hPEP.TRPV1/A1.1","PEP"
"Neuron590","pbmc3k",4071,71,"3","3","hSST","hSST","NP"
"Neuron591","pbmc3k",3181,63,"3","3","hSST","hSST","NP"
"Neuron592","pbmc3k",1495,64,"3","3","hSST","hSST","NP"
"Neuron593","pbmc3k",7675,76,"1","1","hPEP.TRPV1/A1.2","hPEP.TRPV1/A1.2","PEP"
"Neuron594","pbmc3k",2487,68,"7","7","hPEP.KIT","hPEP.KIT","PEP"
"Neuron595","pbmc3k",3804,78,"6","6","hAd.LTMR","hAd.LTMR","NF"
"Neuron596","pbmc3k",4685,75,"1","1","hPEP.TRPV1/A1.2","hPEP.TRPV1/A1.2","PEP"
"Neuron597","pbmc3k",2440,72,"5","5","hNP1","hNP1","NP"
"Neuron598","pbmc3k",4106,71,"0","0","hNP1","hNP1","NP"
"Neuron599","pbmc3k",971,66,"5","5","hNP1","hNP1","NP"
"Neuron600","pbmc3k",1563,58,"10","10","hPEP.NTRK3","hPEP.NTRK3","PEP"
"Neuron601","pbmc3k",5751,75,"5","5","hNP1","hNP1","NP"
"Neuron602","pbmc3k",1169,52,"4","4","hPEP.PIEZOh","hPEP.PIEZOh","PEP"
"Neuron603","pbmc3k",5132,62,"2","2","hPEP.TRPV1/A1.1","hPEP.TRPV1/A1.1","PEP"
"Neuron604","pbmc3k",3595,59,"2","2","hPEP.TRPV1/A1.1","hPEP.TRPV1/A1.1","PEP"
"Neuron605","pbmc3k",4210,60,"2","2","hPEP.TRPV1/A1.1","hPEP.TRPV1/A1.1","PEP"
"Neuron606","pbmc3k",11042,80,"15","15","hNP2","hNP2","NP"
"Neuron607","pbmc3k",1961,59,"3","3","hSST","hSST","NP"
"Neuron608","pbmc3k",2328,65,"9","9","hPEP.CHRNA7","hPEP.CHRNA7","PEP"
"Neuron609","pbmc3k",3787,70,"3","3","hSST","hSST","NP"
"Neuron610","pbmc3k",1045,62,"5","5","hNP1","hNP1","NP"
"Neuron611","pbmc3k",5794,69,"0","0","hNP1","hNP1","NP"
"Neuron612","pbmc3k",12584,77,"5","5","hNP1","hNP1","NP"
"Neuron613","pbmc3k",1555,63,"5","5","hNP1","hNP1","NP"
"Neuron614","pbmc3k",1241,60,"0","0","hNP1","hNP1","NP"
"Neuron615","pbmc3k",4628,71,"0","0","hNP1","hNP1","NP"
"Neuron616","pbmc3k",5525,65,"0","0","hNP1","hNP1","NP"
"Neuron617","pbmc3k",4692,78,"3","3","hSST","hSST","NP"
"Neuron618","pbmc3k",11756,73,"10","10","hPEP.NTRK3","hPEP.NTRK3","PEP"
"Neuron619","pbmc3k",1707,51,"2","2","hPEP.TRPV1/A1.1","hPEP.TRPV1/A1.1","PEP"
"Neuron620","pbmc3k",2747,59,"2","2","hPEP.TRPV1/A1.1","hPEP.TRPV1/A1.1","PEP"
"Neuron621","pbmc3k",6445,78,"5","5","hNP1","hNP1","NP"
"Neuron622","pbmc3k",5458,72,"1","1","hPEP.TRPV1/A1.2","hPEP.TRPV1/A1.2","PEP"
"Neuron623","pbmc3k",5558,65,"1","1","hPEP.TRPV1/A1.2","hPEP.TRPV1/A1.2","PEP"
"Neuron624","pbmc3k",199,41,"14","14","hPEP0","hPEP.0","PEP"
"Neuron625","pbmc3k",8524,69,"4","4","hPEP.PIEZOh","hPEP.PIEZOh","PEP"
"Neuron626","pbmc3k",1830,66,"16","16","hTRPM8","hTRPM8","TRPM8"
"Neuron627","pbmc3k",1088,57,"14","14","hPEP0","hPEP.0","PEP"
"Neuron628","pbmc3k",1497,52,"13","13","hAd.LTMR","hAd.LTMR","NF"
"Neuron629","pbmc3k",1293,57,"1","1","hPEP.TRPV1/A1.2","hPEP.TRPV1/A1.2","PEP"
"Neuron630","pbmc3k",9052,76,"10","10","hPEP.NTRK3","hPEP.NTRK3","PEP"
"Neuron631","pbmc3k",2677,64,"1","1","hPEP.TRPV1/A1.2","hPEP.TRPV1/A1.2","PEP"
"Neuron632","pbmc3k",1629,61,"14","14","hPEP0","hPEP.0","PEP"
"Neuron633","pbmc3k",2830,64,"0","0","hNP1","hNP1","NP"
"Neuron634","pbmc3k",6989,70,"10","10","hPEP.NTRK3","hPEP.NTRK3","PEP"
"Neuron635","pbmc3k",4463,74,"7","7","hPEP.KIT","hPEP.KIT","PEP"
"Neuron636","pbmc3k",1140,56,"2","2","hPEP.TRPV1/A1.1","hPEP.TRPV1/A1.1","PEP"
"Neuron637","pbmc3k",3505,68,"1","1","hPEP.TRPV1/A1.2","hPEP.TRPV1/A1.2","PEP"
"Neuron638","pbmc3k",3190,61,"2","2","hPEP.TRPV1/A1.1","hPEP.TRPV1/A1.1","PEP"
"Neuron639","pbmc3k",2829,68,"1","1","hPEP.TRPV1/A1.2","hPEP.TRPV1/A1.2","PEP"
"Neuron640","pbmc3k",7179,76,"0","0","hNP1","hNP1","NP"
"Neuron641","pbmc3k",4252,65,"2","2","hPEP.TRPV1/A1.1","hPEP.TRPV1/A1.1","PEP"
"Neuron642","pbmc3k",1808,62,"3","3","hSST","hSST","NP"
"Neuron643","pbmc3k",11739,78,"9","9","hPEP.CHRNA7","hPEP.CHRNA7","PEP"
"Neuron644","pbmc3k",5567,62,"2","2","hPEP.TRPV1/A1.1","hPEP.TRPV1/A1.1","PEP"
"Neuron645","pbmc3k",831,53,"4","4","hPEP.PIEZOh","hPEP.PIEZOh","PEP"
"Neuron646","pbmc3k",12403,76,"4","4","hPEP.PIEZOh","hPEP.PIEZOh","PEP"
"Neuron647","pbmc3k",9828,69,"13","13","hAd.LTMR","hAd.LTMR","NF"
"Neuron648","pbmc3k",256,46,"0","0","hNP1","hNP1","NP"
"Neuron649","pbmc3k",964,60,"5","5","hNP1","hNP1","NP"
"Neuron650","pbmc3k",6592,65,"2","2","hPEP.TRPV1/A1.1","hPEP.TRPV1/A1.1","PEP"
"Neuron651","pbmc3k",293,47,"5","5","hNP1","hNP1","NP"
"Neuron652","pbmc3k",12635,76,"10","10","hPEP.NTRK3","hPEP.NTRK3","PEP"
"Neuron653","pbmc3k",4709,69,"0","0","hNP1","hNP1","NP"
"Neuron654","pbmc3k",9971,66,"8","8","hAb.LTMR","hATF3","NF"
"Neuron655","pbmc3k",4986,60,"13","13","hAd.LTMR","hAd.LTMR","NF"
"Neuron656","pbmc3k",9170,76,"10","10","hPEP.NTRK3","hPEP.NTRK3","PEP"
"Neuron657","pbmc3k",14960,75,"8","8","hAb.LTMR","hATF3","NF"
"Neuron658","pbmc3k",2613,71,"0","0","hNP1","hNP1","NP"
"Neuron659","pbmc3k",1458,65,"14","14","hPEP0","hPEP.0","PEP"
"Neuron660","pbmc3k",10251,74,"6","6","hAd.LTMR","hAd.LTMR","NF"
"Neuron661","pbmc3k",6040,69,"1","1","hPEP.TRPV1/A1.2","hPEP.TRPV1/A1.2","PEP"
"Neuron662","pbmc3k",9414,75,"15","15","hNP2","hNP2","NP"
"Neuron663","pbmc3k",10667,72,"8","8","hAb.LTMR","hATF3","NF"
"Neuron664","pbmc3k",1058,62,"5","5","hNP1","hNP1","NP"
"Neuron665","pbmc3k",7576,64,"13","13","hAd.LTMR","hAd.LTMR","NF"
"Neuron667","pbmc3k",10102,78,"3","3","hSST","hSST","NP"
"Neuron668","pbmc3k",7057,66,"6","6","hAd.LTMR","hAd.LTMR","NF"
"Neuron669","pbmc3k",1474,58,"2","2","hPEP.TRPV1/A1.1","hPEP.TRPV1/A1.1","PEP"
"Neuron670","pbmc3k",8826,79,"10","10","hPEP.NTRK3","hPEP.NTRK3","PEP"
"Neuron671","pbmc3k",6772,71,"0","0","hNP1","hNP1","NP"
"Neuron673","pbmc3k",10213,73,"13","13","hAd.LTMR","hAd.LTMR","NF"
"Neuron674","pbmc3k",6893,69,"0","0","hNP1","hNP1","NP"
"Neuron675","pbmc3k",5122,73,"7","7","hPEP.KIT","hPEP.KIT","PEP"
"Neuron676","pbmc3k",6256,69,"0","0","hNP1","hNP1","NP"
"Neuron677","pbmc3k",1064,51,"6","6","hAd.LTMR","hAd.LTMR","NF"
"Neuron678","pbmc3k",2391,55,"5","5","hNP1","hNP1","NP"
"Neuron680","pbmc3k",2304,65,"9","9","hPEP.CHRNA7","hPEP.CHRNA7","PEP"
"Neuron681","pbmc3k",1571,66,"14","14","hPEP0","hPEP.0","PEP"
"Neuron682","pbmc3k",488,42,"13","13","hAd.LTMR","hAd.LTMR","NF"
"Neuron683","pbmc3k",5199,64,"2","2","hPEP.TRPV1/A1.1","hPEP.TRPV1/A1.1","PEP"
"Neuron684","pbmc3k",12507,71,"13","13","hAd.LTMR","hAd.LTMR","NF"
"Neuron685","pbmc3k",5341,72,"0","0","hNP1","hNP1","NP"
"Neuron686","pbmc3k",6065,65,"13","13","hAd.LTMR","hAd.LTMR","NF"
"Neuron687","pbmc3k",8491,78,"5","5","hNP1","hNP1","NP"
"Neuron688","pbmc3k",1439,61,"0","0","hNP1","hNP1","NP"
"Neuron689","pbmc3k",6636,73,"5","5","hNP1","hNP1","NP"
"Neuron690","pbmc3k",10570,72,"0","0","hNP1","hNP1","NP"
"Neuron691","pbmc3k",4425,71,"5","5","hNP1","hNP1","NP"
"Neuron692","pbmc3k",2327,60,"3","3","hSST","hSST","NP"
"Neuron693","pbmc3k",4957,70,"3","3","hSST","hSST","NP"
"Neuron694","pbmc3k",3681,72,"5","5","hNP1","hNP1","NP"
"Neuron695","pbmc3k",6512,72,"0","0","hNP1","hNP1","NP"
"Neuron696","pbmc3k",5853,73,"3","3","hSST","hSST","NP"
"Neuron697","pbmc3k",19155,80,"13","13","hAd.LTMR","hAd.LTMR","NF"
"Neuron698","pbmc3k",6438,68,"13","13","hAd.LTMR","hAd.LTMR","NF"
"Neuron699","pbmc3k",4176,69,"3","3","hSST","hSST","NP"
"Neuron700","pbmc3k",368,50,"9","9","hPEP.CHRNA7","hPEP.CHRNA7","PEP"
"Neuron701","pbmc3k",527,43,"9","9","hPEP.CHRNA7","hPEP.CHRNA7","PEP"
"Neuron702","pbmc3k",431,47,"9","9","hPEP.CHRNA7","hPEP.CHRNA7","PEP"
"Neuron703","pbmc3k",2387,64,"5","5","hNP1","hNP1","NP"
"Neuron704","pbmc3k",1000,56,"1","1","hPEP.TRPV1/A1.2","hPEP.TRPV1/A1.2","PEP"
"Neuron705","pbmc3k",327,51,"0","0","hNP1","hNP1","NP"
"Neuron706","pbmc3k",1711,74,"6","6","hAd.LTMR","hAd.LTMR","NF"
"Neuron707","pbmc3k",1446,53,"13","13","hAd.LTMR","hAd.LTMR","NF"
"Neuron708","pbmc3k",2527,70,"5","5","hNP1","hNP1","NP"
"Neuron709","pbmc3k",4027,61,"2","2","hPEP.TRPV1/A1.1","hPEP.TRPV1/A1.1","PEP"
"Neuron710","pbmc3k",2698,71,"16","16","hTRPM8","hTRPM8","TRPM8"
"Neuron711","pbmc3k",7434,73,"0","0","hNP1","hNP1","NP"
"Neuron712","pbmc3k",458,52,"16","16","hTRPM8","hTRPM8","TRPM8"
"Neuron713","pbmc3k",366,51,"5","5","hNP1","hNP1","NP"
"Neuron714","pbmc3k",121,27,"13","13","hAd.LTMR","hAd.LTMR","NF"
"Neuron715","pbmc3k",226,31,"12","12","hPropr","hPropr","NF"
"Neuron716","pbmc3k",2176,68,"9","9","hPEP.CHRNA7","hPEP.CHRNA7","PEP"
"Neuron717","pbmc3k",1060,63,"15","15","hNP2","hNP2","NP"
"Neuron718","pbmc3k",814,67,"3","3","hSST","hSST","NP"
"Neuron719","pbmc3k",3066,66,"6","6","hAd.LTMR","hAd.LTMR","NF"
"Neuron720","pbmc3k",227,43,"5","5","hNP1","hNP1","NP"
"Neuron721","pbmc3k",2830,73,"5","5","hNP1","hNP1","NP"
"Neuron722","pbmc3k",7701,72,"0","0","hNP1","hNP1","NP"
"Neuron723","pbmc3k",7840,74,"0","0","hNP1","hNP1","NP"
"Neuron724","pbmc3k",8516,76,"4","4","hPEP.PIEZOh","hPEP.PIEZOh","PEP"
"Neuron725","pbmc3k",10601,76,"0","0","hNP1","hNP1","NP"
"Neuron726","pbmc3k",8390,75,"0","0","hNP1","hNP1","NP"
"Neuron727","pbmc3k",1045,63,"4","4","hPEP.PIEZOh","hPEP.PIEZOh","PEP"
"Neuron728","pbmc3k",304,44,"14","14","hPEP0","hPEP.0","PEP"
"Neuron729","pbmc3k",2949,71,"4","4","hPEP.PIEZOh","hPEP.PIEZOh","PEP"
"Neuron730","pbmc3k",202,41,"9","9","hPEP.CHRNA7","hPEP.CHRNA7","PEP"
"Neuron731","pbmc3k",4431,68,"10","10","hPEP.NTRK3","hPEP.NTRK3","PEP"
"Neuron732","pbmc3k",11634,70,"6","6","hAd.LTMR","hAd.LTMR","NF"
"Neuron733","pbmc3k",2863,68,"14","14","hPEP0","hPEP.0","PEP"
"Neuron734","pbmc3k",526,53,"0","0","hNP1","hNP1","NP"
"Neuron735","pbmc3k",5184,70,"10","10","hPEP.NTRK3","hPEP.NTRK3","PEP"
"Neuron736","pbmc3k",3898,72,"3","3","hSST","hSST","NP"
"Neuron737","pbmc3k",8070,74,"0","0","hNP1","hNP1","NP"
"Neuron738","pbmc3k",6868,75,"15","15","hNP2","hNP2","NP"
"Neuron739","pbmc3k",2490,65,"14","14","hPEP0","hPEP.0","PEP"
"Neuron740","pbmc3k",3616,69,"1","1","hPEP.TRPV1/A1.2","hPEP.TRPV1/A1.2","PEP"
"Neuron741","pbmc3k",3885,64,"2","2","hPEP.TRPV1/A1.1","hPEP.TRPV1/A1.1","PEP"
"Neuron742","pbmc3k",3495,62,"1","1","hPEP.TRPV1/A1.2","hPEP.TRPV1/A1.2","PEP"
"Neuron743","pbmc3k",1261,58,"1","1","hPEP.TRPV1/A1.2","hPEP.TRPV1/A1.2","PEP"
"Neuron744","pbmc3k",9240,62,"12","12","hPropr","hPropr","NF"
"Neuron745","pbmc3k",2581,67,"10","10","hPEP.NTRK3","hPEP.NTRK3","PEP"
"Neuron746","pbmc3k",1397,49,"2","2","hPEP.TRPV1/A1.1","hPEP.TRPV1/A1.1","PEP"
"Neuron747","pbmc3k",5944,69,"1","1","hPEP.TRPV1/A1.2","hPEP.TRPV1/A1.2","PEP"
"Neuron749","pbmc3k",4735,71,"5","5","hNP1","hNP1","NP"
"Neuron750","pbmc3k",8474,76,"10","10","hPEP.NTRK3","hPEP.NTRK3","PEP"
"Neuron751","pbmc3k",2925,66,"3","3","hSST","hSST","NP"
"Neuron752","pbmc3k",815,52,"9","9","hPEP.CHRNA7","hPEP.CHRNA7","PEP"
"Neuron753","pbmc3k",1757,67,"5","5","hNP1","hNP1","NP"
"Neuron754","pbmc3k",490,45,"14","14","hPEP0","hPEP.0","PEP"
"Neuron755","pbmc3k",7230,84,"15","15","hNP2","hNP2","NP"
"Neuron756","pbmc3k",5935,72,"0","0","hNP1","hNP1","NP"
"Neuron757","pbmc3k",2919,67,"3","3","hSST","hSST","NP"
"Neuron758","pbmc3k",9519,73,"6","6","hAd.LTMR","hAd.LTMR","NF"
"Neuron759","pbmc3k",1644,51,"8","8","hAb.LTMR","hAb.LTMR","NF"
"Neuron760","pbmc3k",6200,72,"8","8","hAb.LTMR","hAb.LTMR","NF"
"Neuron761","pbmc3k",555,48,"8","8","hAb.LTMR","hAb.LTMR","NF"
"Neuron762","pbmc3k",5835,66,"8","8","hAb.LTMR","hAb.LTMR","NF"
"Neuron763","pbmc3k",881,60,"4","4","hPEP.PIEZOh","hPEP.PIEZOh","PEP"
"Neuron765","pbmc3k",1214,59,"4","4","hPEP.PIEZOh","hPEP.PIEZOh","PEP"
"Neuron766","pbmc3k",11646,74,"9","9","hPEP.CHRNA7","hPEP.CHRNA7","PEP"
"Neuron767","pbmc3k",543,52,"9","9","hPEP.CHRNA7","hPEP.CHRNA7","PEP"
"Neuron768","pbmc3k",1492,65,"7","7","hPEP.KIT","hPEP.KIT","PEP"
"Neuron769","pbmc3k",388,54,"7","7","hPEP.KIT","hPEP.KIT","PEP"
"Neuron770","pbmc3k",2980,69,"3","3","hSST","hSST","NP"
"Neuron771","pbmc3k",630,52,"3","3","hSST","hSST","NP"
"Neuron772","pbmc3k",7524,76,"1","1","hPEP.TRPV1/A1.2","hPEP.TRPV1/A1.2","PEP"
"Neuron773","pbmc3k",2633,61,"10","10","hPEP.NTRK3","hPEP.NTRK3","PEP"
"Neuron774","pbmc3k",2018,61,"1","1","hPEP.TRPV1/A1.2","hPEP.TRPV1/A1.2","PEP"
"Neuron775","pbmc3k",4417,58,"2","2","hPEP.TRPV1/A1.1","hPEP.TRPV1/A1.1","PEP"
"Neuron776","pbmc3k",1831,65,"4","4","hPEP.PIEZOh","hPEP.PIEZOh","PEP"
"Neuron777","pbmc3k",10129,74,"0","0","hNP1","hNP1","NP"
"Neuron778","pbmc3k",2484,68,"5","5","hNP1","hNP1","NP"
"Neuron779","pbmc3k",1378,47,"13","13","hAd.LTMR","hAd.LTMR","NF"
"Neuron780","pbmc3k",3727,70,"6","6","hAd.LTMR","hAd.LTMR","NF"
"Neuron781","pbmc3k",1409,59,"7","7","hPEP.KIT","hPEP.KIT","PEP"
"Neuron782","pbmc3k",307,42,"13","13","hAd.LTMR","hAd.LTMR","NF"
"Neuron783","pbmc3k",298,32,"13","13","hAd.LTMR","hAd.LTMR","NF"
"Neuron784","pbmc3k",5207,72,"0","0","hNP1","hNP1","NP"
"Neuron785","pbmc3k",813,57,"0","0","hNP1","hNP1","NP"
"Neuron786","pbmc3k",86,23,"12","12","hPropr","hPropr","NF"
"Neuron787","pbmc3k",17283,74,"6","6","hAd.LTMR","hAd.LTMR","NF"
"Neuron788","pbmc3k",1252,62,"5","5","hNP1","hNP1","NP"
"Neuron789","pbmc3k",5805,77,"5","5","hNP1","hNP1","NP"
"Neuron790","pbmc3k",1558,65,"16","16","hTRPM8","hTRPM8","TRPM8"
"Neuron791","pbmc3k",11472,75,"10","10","hPEP.NTRK3","hPEP.NTRK3","PEP"
"Neuron792","pbmc3k",3959,72,"5","5","hNP1","hNP1","NP"
"Neuron793","pbmc3k",4837,65,"13","13","hAd.LTMR","hAd.LTMR","NF"
"Neuron794","pbmc3k",2637,54,"13","13","hAd.LTMR","hAd.LTMR","NF"
"Neuron795","pbmc3k",2034,56,"2","2","hPEP.TRPV1/A1.1","hPEP.TRPV1/A1.1","PEP"
"Neuron796","pbmc3k",2213,62,"9","9","hPEP.CHRNA7","hPEP.CHRNA7","PEP"
"Neuron797","pbmc3k",506,55,"3","3","hSST","hSST","NP"
"Neuron799","pbmc3k",2546,75,"5","5","hNP1","hNP1","NP"
"Neuron800","pbmc3k",5446,75,"5","5","hNP1","hNP1","NP"
"Neuron801","pbmc3k",7834,73,"0","0","hNP1","hNP1","NP"
"Neuron802","pbmc3k",357,38,"12","12","hPropr","hPropr","NF"
"Neuron803","pbmc3k",248,43,"14","14","hPEP0","hPEP.0","PEP"
"Neuron804","pbmc3k",2088,70,"5","5","hNP1","hNP1","NP"
"Neuron806","pbmc3k",1879,72,"15","15","hNP2","hNP2","NP"
"Neuron807","pbmc3k",861,69,"5","5","hNP1","hNP1","NP"
"Neuron808","pbmc3k",1386,64,"7","7","hPEP.KIT","hPEP.KIT","PEP"
"Neuron809","pbmc3k",1130,54,"12","12","hPropr","hPropr","NF"
"Neuron811","pbmc3k",1686,49,"12","12","hPropr","hPropr","NF"
"Neuron812","pbmc3k",8865,67,"12","12","hPropr","hPropr","NF"
"Neuron813","pbmc3k",6336,75,"5","5","hNP1","hNP1","NP"
"Neuron814","pbmc3k",17248,79,"8","8","hAb.LTMR","hAb.LTMR","NF"
"Neuron815","pbmc3k",6802,71,"1","1","hPEP.TRPV1/A1.2","hPEP.TRPV1/A1.2","PEP"
"Neuron816","pbmc3k",7957,77,"4","4","hPEP.PIEZOh","hPEP.PIEZOh","PEP"
"Neuron817","pbmc3k",8883,73,"7","7","hPEP.KIT","hPEP.KIT","PEP"
"Neuron818","pbmc3k",3534,64,"10","10","hPEP.NTRK3","hPEP.NTRK3","PEP"
"Neuron820","pbmc3k",5610,66,"2","2","hPEP.TRPV1/A1.1","hPEP.TRPV1/A1.1","PEP"
"Neuron821","pbmc3k",678,62,"14","14","hPEP0","hPEP.0","PEP"
"Neuron822","pbmc3k",7277,79,"15","15","hNP2","hNP2","NP"
"Neuron823","pbmc3k",7707,77,"1","1","hPEP.TRPV1/A1.2","hPEP.TRPV1/A1.2","PEP"
"Neuron824","pbmc3k",5229,71,"1","1","hPEP.TRPV1/A1.2","hPEP.TRPV1/A1.2","PEP"
"Neuron825","pbmc3k",1362,46,"2","2","hPEP.TRPV1/A1.1","hPEP.TRPV1/A1.1","PEP"
"Neuron826","pbmc3k",5653,80,"14","14","hPEP0","hPEP.0","PEP"
"Neuron827","pbmc3k",10945,72,"12","12","hPropr","hPropr","NF"
"Neuron828","pbmc3k",3603,55,"2","2","hPEP.TRPV1/A1.1","hPEP.TRPV1/A1.1","PEP"
"Neuron829","pbmc3k",10386,73,"10","10","hPEP.NTRK3","hPEP.NTRK3","PEP"
"Neuron830","pbmc3k",5629,69,"6","6","hAd.LTMR","hAd.LTMR","NF"
"Neuron831","pbmc3k",9423,74,"12","12","hPropr","hPropr","NF"
"Neuron832","pbmc3k",14569,76,"8","8","hAb.LTMR","hAb.LTMR","NF"
"Neuron833","pbmc3k",6509,56,"8","8","hAb.LTMR","hAb.LTMR","NF"
"Neuron834","pbmc3k",8952,74,"7","7","hPEP.KIT","hPEP.KIT","PEP"
"Neuron835","pbmc3k",3620,63,"2","2","hPEP.TRPV1/A1.1","hPEP.TRPV1/A1.1","PEP"
"Neuron836","pbmc3k",4179,61,"2","2","hPEP.TRPV1/A1.1","hPEP.TRPV1/A1.1","PEP"
"Neuron837","pbmc3k",11152,75,"7","7","hPEP.KIT","hPEP.KIT","PEP"
"Neuron838","pbmc3k",3425,68,"1","1","hPEP.TRPV1/A1.2","hPEP.TRPV1/A1.2","PEP"
"Neuron839","pbmc3k",2998,74,"4","4","hPEP.PIEZOh","hPEP.PIEZOh","PEP"
"Neuron840","pbmc3k",4417,64,"1","1","hPEP.TRPV1/A1.2","hPEP.TRPV1/A1.2","PEP"
"Neuron841","pbmc3k",4134,72,"7","7","hPEP.KIT","hPEP.KIT","PEP"
"Neuron842","pbmc3k",2580,59,"2","2","hPEP.TRPV1/A1.1","hPEP.TRPV1/A1.1","PEP"
"Neuron843","pbmc3k",2415,68,"7","7","hPEP.KIT","hPEP.KIT","PEP"
"Neuron844","pbmc3k",6824,71,"0","0","hNP1","hNP1","NP"
"Neuron845","pbmc3k",3447,61,"2","2","hPEP.TRPV1/A1.1","hPEP.TRPV1/A1.1","PEP"
"Neuron846","pbmc3k",851,54,"5","5","hNP1","hC.LTMR","NP"
"Neuron847","pbmc3k",3555,69,"12","12","hPropr","hPropr","NF"
"Neuron848","pbmc3k",5509,78,"5","5","hNP1","hNP1","NP"
"Neuron849","pbmc3k",3202,77,"3","3","hSST","hSST","NP"
"Neuron850","pbmc3k",6029,82,"5","5","hNP1","hNP1","NP"
"Neuron851","pbmc3k",6133,72,"4","4","hPEP.PIEZOh","hPEP.PIEZOh","PEP"
"Neuron852","pbmc3k",3047,63,"2","2","hPEP.TRPV1/A1.1","hPEP.TRPV1/A1.1","PEP"
"Neuron854","pbmc3k",6138,70,"7","7","hPEP.KIT","hPEP.KIT","PEP"
"Neuron855","pbmc3k",1848,65,"0","0","hNP1","hNP1","NP"
"Neuron856","pbmc3k",1665,68,"1","1","hPEP.TRPV1/A1.2","hPEP.TRPV1/A1.2","PEP"
"Neuron857","pbmc3k",443,44,"14","14","hPEP0","hPEP.0","PEP"
"Neuron858","pbmc3k",3870,76,"4","4","hPEP.PIEZOh","hPEP.PIEZOh","PEP"
"Neuron859","pbmc3k",3003,60,"2","2","hPEP.TRPV1/A1.1","hPEP.TRPV1/A1.1","PEP"
"Neuron860","pbmc3k",4784,73,"0","0","hNP1","hNP1","NP"
"Neuron861","pbmc3k",5380,72,"0","0","hNP1","hNP1","NP"
"Neuron862","pbmc3k",5151,61,"0","0","hNP1","hNP1","NP"
"Neuron863","pbmc3k",938,50,"1","1","hPEP.TRPV1/A1.2","hPEP.TRPV1/A1.2","PEP"
"Neuron864","pbmc3k",860,57,"14","14","hPEP0","hPEP.0","PEP"
"Neuron865","pbmc3k",5267,60,"8","8","hAb.LTMR","hAb.LTMR","NF"
"Neuron866","pbmc3k",393,47,"14","14","hPEP0","hPEP.0","PEP"
"Neuron867","pbmc3k",1386,59,"1","1","hPEP.TRPV1/A1.2","hPEP.TRPV1/A1.2","PEP"
"Neuron868","pbmc3k",9724,65,"8","8","hAb.LTMR","hAb.LTMR","NF"
"Neuron869","pbmc3k",13278,68,"13","13","hAd.LTMR","hAd.LTMR","NF"
"Neuron870","pbmc3k",1086,60,"7","7","hPEP.KIT","hPEP.KIT","PEP"
"Neuron872","pbmc3k",5856,76,"3","3","hSST","hSST","NP"
"Neuron873","pbmc3k",5155,66,"13","13","hAd.LTMR","hAd.LTMR","NF"
"Neuron874","pbmc3k",13961,72,"10","10","hPEP.NTRK3","hPEP.NTRK3","PEP"
"Neuron875","pbmc3k",4780,70,"12","12","hPropr","hPropr","NF"
"Neuron876","pbmc3k",11519,73,"12","12","hPropr","hPropr","NF"
"Neuron877","pbmc3k",7014,67,"13","13","hAd.LTMR","hAd.LTMR","NF"
"Neuron878","pbmc3k",9199,67,"12","12","hPropr","hPropr","NF"
"Neuron879","pbmc3k",9555,73,"13","13","hAd.LTMR","hAd.LTMR","NF"
"Neuron880","pbmc3k",8350,74,"4","4","hPEP.PIEZOh","hPEP.PIEZOh","PEP"
"Neuron881","pbmc3k",6762,74,"1","1","hPEP.TRPV1/A1.2","hPEP.TRPV1/A1.2","PEP"
"Neuron882","pbmc3k",8377,69,"13","13","hAd.LTMR","hAd.LTMR","NF"
"Neuron883","pbmc3k",10053,66,"13","13","hAd.LTMR","hAd.LTMR","NF"
"Neuron884","pbmc3k",5759,66,"1","1","hPEP.TRPV1/A1.2","hPEP.TRPV1/A1.2","PEP"
"Neuron885","pbmc3k",5744,70,"7","7","hPEP.KIT","hPEP.KIT","PEP"
"Neuron886","pbmc3k",6324,67,"12","12","hPropr","hPropr","NF"
"Neuron887","pbmc3k",9467,76,"4","4","hPEP.PIEZOh","hPEP.PIEZOh","PEP"
"Neuron888","pbmc3k",4006,68,"6","6","hAd.LTMR","hAd.LTMR","NF"
"Neuron889","pbmc3k",11838,73,"8","8","hAb.LTMR","hAb.LTMR","NF"
"Neuron891","pbmc3k",8721,74,"10","10","hPEP.NTRK3","hPEP.NTRK3","PEP"
"Neuron892","pbmc3k",1855,58,"6","6","hAd.LTMR","hAd.LTMR","NF"
"Neuron894","pbmc3k",850,56,"12","12","hPropr","hPropr","NF"
"Neuron895","pbmc3k",9043,68,"8","8","hAb.LTMR","hAb.LTMR","NF"
"Neuron896","pbmc3k",3215,51,"8","8","hAb.LTMR","hAb.LTMR","NF"
"Neuron897","pbmc3k",3007,54,"8","8","hAb.LTMR","hAb.LTMR","NF"
"Neuron898","pbmc3k",5222,66,"13","13","hAd.LTMR","hAd.LTMR","NF"
"Neuron899","pbmc3k",460,42,"6","6","hAd.LTMR","hAd.LTMR","NF"
"Neuron901","pbmc3k",4394,59,"8","8","hAb.LTMR","hAb.LTMR","NF"
"Neuron902","pbmc3k",3459,67,"3","3","hSST","hSST","NP"
"Neuron903","pbmc3k",716,53,"3","3","hSST","hSST","NP"
"Neuron904","pbmc3k",9807,81,"4","4","hPEP.PIEZOh","hPEP.PIEZOh","PEP"
"Neuron905","pbmc3k",7106,77,"4","4","hPEP.PIEZOh","hPEP.PIEZOh","PEP"
"Neuron906","pbmc3k",1657,64,"7","7","hPEP.KIT","hPEP.KIT","PEP"
"Neuron907","pbmc3k",2907,71,"4","4","hPEP.PIEZOh","hPEP.PIEZOh","PEP"
"Neuron908","pbmc3k",672,50,"3","3","hSST","hSST","NP"
"Neuron909","pbmc3k",4355,69,"3","3","hSST","hSST","NP"
"Neuron910","pbmc3k",1648,53,"2","2","hPEP.TRPV1/A1.1","hPEP.TRPV1/A1.1","PEP"
"Neuron911","pbmc3k",3079,66,"6","6","hAd.LTMR","hAd.LTMR","NF"
"Neuron912","pbmc3k",1857,60,"14","14","hPEP0","hPEP.0","PEP"
"Neuron913","pbmc3k",5021,70,"4","4","hPEP.PIEZOh","hPEP.PIEZOh","PEP"
"Neuron914","pbmc3k",6805,66,"6","6","hAd.LTMR","hAd.LTMR","NF"
"Neuron915","pbmc3k",3153,61,"7","7","hPEP.KIT","hPEP.KIT","PEP"
"Neuron916","pbmc3k",484,53,"5","5","hNP1","hNP1","NP"
"Neuron917","pbmc3k",844,45,"12","12","hPropr","hPropr","NF"
"Neuron918","pbmc3k",5272,62,"12","12","hPropr","hPropr","NF"
"Neuron919","pbmc3k",1839,69,"7","7","hPEP.KIT","hPEP.KIT","PEP"
"Neuron920","pbmc3k",1074,56,"5","5","hNP1","hNP1","NP"
"Neuron921","pbmc3k",478,42,"4","4","hPEP.PIEZOh","hPEP.PIEZOh","PEP"
"Neuron922","pbmc3k",2530,63,"7","7","hPEP.KIT","hPEP.KIT","PEP"
"Neuron923","pbmc3k",2814,61,"13","13","hAd.LTMR","hAd.LTMR","NF"
"Neuron924","pbmc3k",560,55,"9","9","hPEP.CHRNA7","hPEP.CHRNA7","PEP"
"Neuron925","pbmc3k",4398,66,"7","7","hPEP.KIT","hPEP.KIT","PEP"
"Neuron926","pbmc3k",2916,73,"5","5","hNP1","hNP1","NP"
"Neuron927","pbmc3k",1885,62,"12","12","hPropr","hPropr","NF"
"Neuron928","pbmc3k",2904,71,"15","15","hNP2","hNP2","NP"
"Neuron929","pbmc3k",2209,52,"2","2","hPEP.TRPV1/A1.1","hPEP.TRPV1/A1.1","PEP"
"Neuron930","pbmc3k",2599,68,"4","4","hPEP.PIEZOh","hPEP.PIEZOh","PEP"
"Neuron932","pbmc3k",10284,76,"10","10","hPEP.NTRK3","hPEP.NTRK3","PEP"
"Neuron933","pbmc3k",1583,58,"1","1","hPEP.TRPV1/A1.2","hPEP.TRPV1/A1.2","PEP"
"Neuron934","pbmc3k",2036,69,"4","4","hPEP.PIEZOh","hPEP.PIEZOh","PEP"
"Neuron935","pbmc3k",1608,65,"5","5","hNP1","hNP1","NP"
"Neuron936","pbmc3k",4529,80,"14","14","hPEP0","hPEP.0","PEP"
"Neuron937","pbmc3k",3619,76,"14","14","hPEP0","hPEP.0","PEP"
"Neuron938","pbmc3k",409,47,"14","14","hPEP0","hPEP.0","PEP"
"Neuron939","pbmc3k",3539,76,"5","5","hNP1","hNP1","NP"
"Neuron940","pbmc3k",4229,63,"6","6","hAd.LTMR","hAd.LTMR","NF"
"Neuron941","pbmc3k",4752,71,"12","12","hPropr","hPropr","NF"
"Neuron942","pbmc3k",4161,60,"13","13","hAd.LTMR","hAd.LTMR","NF"
"Neuron943","pbmc3k",3700,63,"8","8","hAb.LTMR","hAb.LTMR","NF"
"Neuron944","pbmc3k",6622,71,"13","13","hAd.LTMR","hAd.LTMR","NF"
"Neuron945","pbmc3k",7537,67,"4","4","hPEP.PIEZOh","hPEP.PIEZOh","PEP"
"Neuron946","pbmc3k",965,54,"7","7","hPEP.KIT","hPEP.KIT","PEP"
"Neuron947","pbmc3k",308,49,"9","9","hPEP.CHRNA7","hPEP.CHRNA7","PEP"
"Neuron948","pbmc3k",2636,65,"7","7","hPEP.KIT","hPEP.KIT","PEP"
"Neuron950","pbmc3k",3730,58,"8","8","hAb.LTMR","hATF3","NF"
"Neuron951","pbmc3k",4552,59,"10","10","hPEP.NTRK3","hPEP.NTRK3","PEP"
"Neuron952","pbmc3k",12723,78,"8","8","hAb.LTMR","hATF3","NF"
"Neuron953","pbmc3k",1912,54,"2","2","hPEP.TRPV1/A1.1","hPEP.TRPV1/A1.1","PEP"
"Neuron954","pbmc3k",1263,65,"5","5","hNP1","hNP1","NP"
"Neuron955","pbmc3k",887,58,"14","14","hPEP0","hPEP.0","PEP"
"Neuron956","pbmc3k",2257,76,"5","5","hNP1","hNP1","NP"
"Neuron957","pbmc3k",8526,71,"6","6","hAd.LTMR","hAd.LTMR","NF"
"Neuron958","pbmc3k",1923,64,"7","7","hPEP.KIT","hPEP.KIT","PEP"
"Neuron959","pbmc3k",773,57,"0","0","hNP1","hNP1","NP"
"Neuron960","pbmc3k",2312,54,"13","13","hAd.LTMR","hAd.LTMR","NF"
"Neuron961","pbmc3k",3954,68,"1","1","hPEP.TRPV1/A1.2","hPEP.TRPV1/A1.2","PEP"
"Neuron962","pbmc3k",4866,63,"8","8","hAb.LTMR","hAb.LTMR","NF"
"Neuron963","pbmc3k",6848,70,"10","10","hPEP.NTRK3","hPEP.NTRK3","PEP"
"Neuron964","pbmc3k",1713,58,"1","1","hPEP.TRPV1/A1.2","hPEP.TRPV1/A1.2","PEP"
"Neuron965","pbmc3k",2822,61,"2","2","hPEP.TRPV1/A1.1","hPEP.TRPV1/A1.1","PEP"
"Neuron966","pbmc3k",2859,62,"2","2","hPEP.TRPV1/A1.1","hPEP.TRPV1/A1.1","PEP"
"Neuron967","pbmc3k",5729,75,"1","1","hPEP.TRPV1/A1.2","hPEP.TRPV1/A1.2","PEP"
"Neuron968","pbmc3k",10345,79,"5","5","hNP1","hNP1","NP"
"Neuron969","pbmc3k",4903,69,"2","2","hPEP.TRPV1/A1.1","hPEP.TRPV1/A1.1","PEP"
"Neuron970","pbmc3k",1144,65,"3","3","hSST","hSST","NP"
"Neuron971","pbmc3k",2085,68,"14","14","hPEP0","hPEP.0","PEP"
"Neuron972","pbmc3k",2423,68,"1","1","hPEP.TRPV1/A1.2","hPEP.TRPV1/A1.2","PEP"
"Neuron973","pbmc3k",8380,70,"12","12","hPropr","hPropr","NF"
"Neuron974","pbmc3k",7433,78,"4","4","hPEP.PIEZOh","hPEP.PIEZOh","PEP"
"Neuron975","pbmc3k",8454,69,"4","4","hPEP.PIEZOh","hPEP.PIEZOh","PEP"
"Neuron976","pbmc3k",699,60,"7","7","hPEP.KIT","hPEP.KIT","PEP"
"Neuron977","pbmc3k",11930,78,"0","0","hNP1","hNP1","NP"
"Neuron978","pbmc3k",2559,63,"4","4","hPEP.PIEZOh","hPEP.PIEZOh","PEP"
"Neuron979","pbmc3k",2794,72,"3","3","hSST","hSST","NP"
"Neuron980","pbmc3k",3343,62,"15","15","hNP2","hNP2","NP"
"Neuron981","pbmc3k",3822,63,"6","6","hAd.LTMR","hAd.LTMR","NF"
"Neuron982","pbmc3k",1737,65,"1","1","hPEP.TRPV1/A1.2","hPEP.TRPV1/A1.2","PEP"
"Neuron983","pbmc3k",3948,68,"9","9","hPEP.CHRNA7","hPEP.CHRNA7","PEP"
"Neuron984","pbmc3k",11888,76,"13","13","hAd.LTMR","hAd.LTMR","NF"
"Neuron985","pbmc3k",8834,66,"8","8","hAb.LTMR","hAb.LTMR","NF"
"Neuron986","pbmc3k",4045,71,"7","7","hPEP.KIT","hPEP.KIT","PEP"
"Neuron988","pbmc3k",700,61,"14","14","hPEP0","hPEP.0","PEP"
"Neuron989","pbmc3k",4616,72,"9","9","hPEP.CHRNA7","hPEP.CHRNA7","PEP"
"Neuron990","pbmc3k",3333,68,"1","1","hPEP.TRPV1/A1.2","hPEP.TRPV1/A1.2","PEP"
"Neuron991","pbmc3k",3703,67,"2","2","hPEP.TRPV1/A1.1","hPEP.TRPV1/A1.1","PEP"
"Neuron992","pbmc3k",4468,65,"16","16","hTRPM8","hTRPM8","TRPM8"
"Neuron994","pbmc3k",8592,72,"4","4","hPEP.PIEZOh","hPEP.PIEZOh","PEP"
"Neuron995","pbmc3k",1955,51,"2","2","hPEP.TRPV1/A1.1","hPEP.TRPV1/A1.1","PEP"
"Neuron996","pbmc3k",2719,68,"1","1","hPEP.TRPV1/A1.2","hPEP.TRPV1/A1.2","PEP"
"Neuron997","pbmc3k",396,55,"10","10","hPEP.NTRK3","hPEP.NTRK3","PEP"
"Neuron998","pbmc3k",1619,58,"2","2","hPEP.TRPV1/A1.1","hPEP.TRPV1/A1.1","PEP"
"Neuron999","pbmc3k",397,56,"5","5","hNP1","hNP1","NP"
"Neuron1000","pbmc3k",2081,52,"13","13","hAd.LTMR","hAd.LTMR","NF"
"Neuron1001","pbmc3k",2407,67,"14","14","hPEP0","hPEP.0","PEP"
"Neuron1002","pbmc3k",6521,74,"4","4","hPEP.PIEZOh","hPEP.PIEZOh","PEP"
"Neuron1003","pbmc3k",2524,63,"0","0","hNP1","hNP1","NP"
"Neuron1004","pbmc3k",3271,65,"0","0","hNP1","hNP1","NP"
"Neuron1005","pbmc3k",4372,71,"9","9","hPEP.CHRNA7","hPEP.CHRNA7","PEP"
"Neuron1006","pbmc3k",2039,70,"15","15","hNP2","hNP2","NP"
"Neuron1007","pbmc3k",4209,69,"0","0","hNP1","hNP1","NP"
"Neuron1008","pbmc3k",2800,56,"2","2","hPEP.TRPV1/A1.1","hPEP.TRPV1/A1.1","PEP"
"Neuron1009","pbmc3k",535,48,"7","7","hPEP.KIT","hPEP.KIT","PEP"
"Neuron1010","pbmc3k",4567,75,"1","1","hPEP.TRPV1/A1.2","hPEP.TRPV1/A1.2","PEP"
"Neuron1011","pbmc3k",1411,65,"1","1","hPEP.TRPV1/A1.2","hPEP.TRPV1/A1.2","PEP"
"Neuron1012","pbmc3k",1730,73,"16","16","hTRPM8","hTRPM8","TRPM8"
"Neuron1013","pbmc3k",3136,68,"1","1","hPEP.TRPV1/A1.2","hPEP.TRPV1/A1.2","PEP"
"Neuron1014","pbmc3k",3012,69,"15","15","hNP2","hNP2","NP"
"Neuron1015","pbmc3k",1873,64,"1","1","hPEP.TRPV1/A1.2","hPEP.TRPV1/A1.2","PEP"
"Neuron1016","pbmc3k",1176,61,"16","16","hTRPM8","hTRPM8","TRPM8"
"Neuron1018","pbmc3k",1357,56,"2","2","hPEP.TRPV1/A1.1","hPEP.TRPV1/A1.1","PEP"
"Neuron1019","pbmc3k",2106,63,"1","1","hPEP.TRPV1/A1.2","hPEP.TRPV1/A1.2","PEP"
"Neuron1020","pbmc3k",3237,64,"7","7","hPEP.KIT","hPEP.KIT","PEP"
"Neuron1021","pbmc3k",1218,61,"7","7","hPEP.KIT","hPEP.KIT","PEP"
"Neuron1022","pbmc3k",2142,60,"2","2","hPEP.TRPV1/A1.1","hPEP.TRPV1/A1.1","PEP"
"Neuron1023","pbmc3k",2672,65,"0","0","hNP1","hNP1","NP"
"Neuron1024","pbmc3k",1719,53,"2","2","hPEP.TRPV1/A1.1","hPEP.TRPV1/A1.1","PEP"
"Neuron1025","pbmc3k",3315,68,"0","0","hNP1","hNP1","NP"
"Neuron1026","pbmc3k",2263,59,"7","7","hPEP.KIT","hPEP.KIT","PEP"
"Neuron1027","pbmc3k",1889,60,"2","2","hPEP.TRPV1/A1.1","hPEP.TRPV1/A1.1","PEP"
"Neuron1028","pbmc3k",5161,74,"0","0","hNP1","hNP1","NP"
"Neuron1029","pbmc3k",704,53,"14","14","hPEP0","hPEP.0","PEP"
"Neuron1030","pbmc3k",1957,61,"4","4","hPEP.PIEZOh","hPEP.PIEZOh","PEP"
"Neuron1031","pbmc3k",2579,56,"7","7","hPEP.KIT","hPEP.KIT","PEP"
"Neuron1032","pbmc3k",1871,58,"2","2","hPEP.TRPV1/A1.1","hPEP.TRPV1/A1.1","PEP"
"Neuron1033","pbmc3k",1889,59,"0","0","hNP1","hNP1","NP"
"Neuron1034","pbmc3k",5459,73,"4","4","hPEP.PIEZOh","hPEP.PIEZOh","PEP"
"Neuron1035","pbmc3k",1822,65,"1","1","hPEP.TRPV1/A1.2","hPEP.TRPV1/A1.2","PEP"
"Neuron1036","pbmc3k",1993,64,"7","7","hPEP.KIT","hPEP.KIT","PEP"
"Neuron1037","pbmc3k",2416,62,"14","14","hPEP0","hPEP.0","PEP"
"Neuron1038","pbmc3k",572,42,"8","8","hAb.LTMR","hAb.LTMR","NF"
"Neuron1039","pbmc3k",1730,61,"14","14","hPEP0","hPEP.0","PEP"
"Neuron1040","pbmc3k",1597,58,"1","1","hPEP.TRPV1/A1.2","hPEP.TRPV1/A1.2","PEP"
"Neuron1041","pbmc3k",623,59,"10","10","hPEP.NTRK3","hPEP.NTRK3","PEP"
"Neuron1042","pbmc3k",1515,62,"1","1","hPEP.TRPV1/A1.2","hPEP.TRPV1/A1.2","PEP"
"Neuron1043","pbmc3k",3489,67,"4","4","hPEP.PIEZOh","hPEP.PIEZOh","PEP"
"Neuron1044","pbmc3k",1077,61,"0","0","hNP1","hNP1","NP"
"Neuron1045","pbmc3k",1695,60,"4","4","hPEP.PIEZOh","hPEP.PIEZOh","PEP"
"Neuron1046","pbmc3k",2855,63,"3","3","hSST","hSST","NP"
"Neuron1047","pbmc3k",3542,74,"7","7","hPEP.KIT","hPEP.KIT","PEP"
"Neuron1048","pbmc3k",2686,60,"2","2","hPEP.TRPV1/A1.1","hPEP.TRPV1/A1.1","PEP"
"Neuron1049","pbmc3k",6018,71,"4","4","hPEP.PIEZOh","hPEP.PIEZOh","PEP"
"Neuron1050","pbmc3k",5295,69,"1","1","hPEP.TRPV1/A1.2","hPEP.TRPV1/A1.2","PEP"
"Neuron1051","pbmc3k",6496,64,"2","2","hPEP.TRPV1/A1.1","hPEP.TRPV1/A1.1","PEP"
"Neuron1052","pbmc3k",2811,65,"1","1","hPEP.TRPV1/A1.2","hPEP.TRPV1/A1.2","PEP"
"Neuron1053","pbmc3k",6925,76,"9","9","hPEP.CHRNA7","hPEP.CHRNA7","PEP"
"Neuron1055","pbmc3k",2935,62,"6","6","hAd.LTMR","hAd.LTMR","NF"
"Neuron1057","pbmc3k",3046,67,"6","6","hAd.LTMR","hAd.LTMR","NF"
"Neuron1058","pbmc3k",692,48,"2","2","hPEP.TRPV1/A1.1","hPEP.TRPV1/A1.1","PEP"
"Neuron1059","pbmc3k",528,44,"2","2","hPEP.TRPV1/A1.1","hPEP.TRPV1/A1.1","PEP"
"Neuron1060","pbmc3k",702,45,"2","2","hPEP.TRPV1/A1.1","hPEP.TRPV1/A1.1","PEP"
"Neuron1061","pbmc3k",9743,68,"8","8","hAb.LTMR","hATF3","NF"
"Neuron1062","pbmc3k",10912,66,"12","12","hPropr","hPropr","NF"
"Neuron1063","pbmc3k",3687,67,"12","12","hPropr","hPropr","NF"
"Neuron1064","pbmc3k",8138,73,"8","8","hAb.LTMR","hAb.LTMR","NF"
"Neuron1066","pbmc3k",6006,70,"9","9","hPEP.CHRNA7","hPEP.CHRNA7","PEP"
"Neuron1067","pbmc3k",7122,76,"3","3","hSST","hSST","NP"
"Neuron1069","pbmc3k",10310,72,"8","8","hAb.LTMR","hAb.LTMR","NF"
"Neuron1070","pbmc3k",4074,61,"12","12","hPropr","hPropr","NF"
"Neuron1071","pbmc3k",5504,68,"8","8","hAb.LTMR","hATF3","NF"
"Neuron1072","pbmc3k",3317,57,"2","2","hPEP.TRPV1/A1.1","hPEP.TRPV1/A1.1","PEP"
"Neuron1073","pbmc3k",4560,67,"1","1","hPEP.TRPV1/A1.2","hPEP.TRPV1/A1.2","PEP"
"Neuron1074","pbmc3k",1017,70,"5","5","hNP1","hNP1","NP"
"Neuron1075","pbmc3k",10812,71,"4","4","hPEP.PIEZOh","hPEP.PIEZOh","PEP"
"Neuron1076","pbmc3k",1045,63,"7","7","hPEP.KIT","hPEP.KIT","PEP"
"Neuron1078","pbmc3k",4020,68,"4","4","hPEP.PIEZOh","hPEP.PIEZOh","PEP"
"Neuron1079","pbmc3k",2925,68,"4","4","hPEP.PIEZOh","hPEP.PIEZOh","PEP"
"Neuron1080","pbmc3k",6163,77,"1","1","hPEP.TRPV1/A1.2","hPEP.TRPV1/A1.2","PEP"
"Neuron1081","pbmc3k",1818,59,"2","2","hPEP.TRPV1/A1.1","hPEP.TRPV1/A1.1","PEP"
"Neuron1082","pbmc3k",1038,54,"16","16","hTRPM8","hTRPM8","TRPM8"
"Neuron1083","pbmc3k",2657,66,"1","1","hPEP.TRPV1/A1.2","hPEP.TRPV1/A1.2","PEP"
"Neuron1084","pbmc3k",551,48,"2","2","hPEP.TRPV1/A1.1","hPEP.TRPV1/A1.1","PEP"
"Neuron1085","pbmc3k",247,42,"14","14","hPEP0","hPEP.0","PEP"
"Neuron1086","pbmc3k",3202,60,"2","2","hPEP.TRPV1/A1.1","hPEP.TRPV1/A1.1","PEP"
"Neuron1087","pbmc3k",5256,74,"9","9","hPEP.CHRNA7","hPEP.CHRNA7","PEP"
"Neuron1088","pbmc3k",986,57,"9","9","hPEP.CHRNA7","hPEP.CHRNA7","PEP"
"Neuron1089","pbmc3k",525,60,"3","3","hSST","hSST","NP"
"Neuron1090","pbmc3k",1188,57,"2","2","hPEP.TRPV1/A1.1","hPEP.TRPV1/A1.1","PEP"
"Neuron1091","pbmc3k",5100,69,"7","7","hPEP.KIT","hPEP.KIT","PEP"
"Neuron1092","pbmc3k",155,38,"4","4","hPEP.PIEZOh","hPEP.PIEZOh","PEP"
"Neuron1093","pbmc3k",434,52,"4","4","hPEP.PIEZOh","hPEP.PIEZOh","PEP"
"Neuron1094","pbmc3k",634,57,"4","4","hPEP.PIEZOh","hPEP.PIEZOh","PEP"
"Neuron1095","pbmc3k",5724,68,"8","8","hAb.LTMR","hAb.LTMR","NF"
"Neuron1097","pbmc3k",233,39,"2","2","hPEP.TRPV1/A1.1","hPEP.TRPV1/A1.1","PEP"
"Neuron1098","pbmc3k",4121,64,"4","4","hPEP.PIEZOh","hPEP.PIEZOh","PEP"
"Neuron1099","pbmc3k",1844,63,"1","1","hPEP.TRPV1/A1.2","hPEP.TRPV1/A1.2","PEP"
"Neuron1100","pbmc3k",1412,60,"1","1","hPEP.TRPV1/A1.2","hPEP.TRPV1/A1.2","PEP"
"Neuron1101","pbmc3k",3535,73,"1","1","hPEP.TRPV1/A1.2","hPEP.TRPV1/A1.2","PEP"
"Neuron1102","pbmc3k",1178,58,"14","14","hPEP0","hPEP.0","PEP"
"Neuron1103","pbmc3k",4156,67,"7","7","hPEP.KIT","hPEP.KIT","PEP"
"Neuron1105","pbmc3k",17172,77,"8","8","hAb.LTMR","hAb.LTMR","NF"
"Neuron1106","pbmc3k",2487,56,"2","2","hPEP.TRPV1/A1.1","hPEP.TRPV1/A1.1","PEP"
"Neuron1107","pbmc3k",6680,67,"6","6","hAd.LTMR","hAd.LTMR","NF"
"Neuron1108","pbmc3k",297,46,"14","14","hPEP0","hPEP.0","PEP"
"Neuron1109","pbmc3k",122,34,"12","12","hPropr","hPropr","NF"
"Neuron1110","pbmc3k",4338,77,"14","14","hPEP0","hPEP.0","PEP"
"Neuron1111","pbmc3k",4899,74,"10","10","hPEP.NTRK3","hPEP.NTRK3","PEP"
"Neuron1112","pbmc3k",991,64,"7","7","hPEP.KIT","hPEP.KIT","PEP"
"Neuron1113","pbmc3k",6049,67,"4","4","hPEP.PIEZOh","hPEP.PIEZOh","PEP"
"Neuron1114","pbmc3k",1358,52,"13","13","hAd.LTMR","hAd.LTMR","NF"
"Neuron1115","pbmc3k",4331,74,"15","15","hNP2","hNP2","NP"
"Neuron1116","pbmc3k",451,56,"4","4","hPEP.PIEZOh","hPEP.PIEZOh","PEP"
"Neuron1117","pbmc3k",3974,73,"3","3","hSST","hSST","NP"
"Neuron1118","pbmc3k",5879,70,"4","4","hPEP.PIEZOh","hPEP.PIEZOh","PEP"
"Neuron1119","pbmc3k",1836,61,"1","1","hPEP.TRPV1/A1.2","hPEP.TRPV1/A1.2","PEP"
"Neuron1120","pbmc3k",10506,72,"8","8","hAb.LTMR","hAb.LTMR","NF"
"Neuron1121","pbmc3k",808,54,"7","7","hPEP.KIT","hPEP.KIT","PEP"
"Neuron1122","pbmc3k",874,56,"4","4","hPEP.PIEZOh","hPEP.PIEZOh","PEP"
"Neuron1123","pbmc3k",8649,70,"9","9","hPEP.CHRNA7","hPEP.CHRNA7","PEP"
"Neuron1124","pbmc3k",6953,71,"7","7","hPEP.KIT","hPEP.KIT","PEP"
"Neuron1125","pbmc3k",3812,62,"2","2","hPEP.TRPV1/A1.1","hPEP.TRPV1/A1.1","PEP"
"Neuron1126","pbmc3k",3055,69,"1","1","hPEP.TRPV1/A1.2","hPEP.TRPV1/A1.2","PEP"
"Neuron1127","pbmc3k",2141,69,"5","5","hNP1","hNP1","NP"
"Neuron1128","pbmc3k",8093,75,"0","0","hNP1","hNP1","NP"
"Neuron1129","pbmc3k",3362,62,"4","4","hPEP.PIEZOh","hPEP.PIEZOh","PEP"
"Neuron1130","pbmc3k",2779,72,"0","0","hNP1","hNP1","NP"
"Neuron1131","pbmc3k",831,62,"5","5","hNP1","hNP1","NP"
"Neuron1132","pbmc3k",6185,70,"4","4","hPEP.PIEZOh","hPEP.PIEZOh","PEP"
"Neuron1133","pbmc3k",7453,77,"1","1","hPEP.TRPV1/A1.2","hPEP.TRPV1/A1.2","PEP"
"Neuron1134","pbmc3k",5202,78,"3","3","hSST","hSST","NP"
"Neuron1135","pbmc3k",4469,62,"9","9","hPEP.CHRNA7","hPEP.CHRNA7","PEP"
"Neuron1136","pbmc3k",4416,63,"9","9","hPEP.CHRNA7","hPEP.CHRNA7","PEP"
"Neuron1137","pbmc3k",1629,59,"9","9","hPEP.CHRNA7","hPEP.CHRNA7","PEP"
"Neuron1138","pbmc3k",7448,74,"10","10","hPEP.NTRK3","hPEP.NTRK3","PEP"
"Neuron1139","pbmc3k",2645,62,"10","10","hPEP.NTRK3","hPEP.NTRK3","PEP"
"Neuron1140","pbmc3k",3023,59,"2","2","hPEP.TRPV1/A1.1","hPEP.TRPV1/A1.1","PEP"
"Neuron1141","pbmc3k",3136,57,"2","2","hPEP.TRPV1/A1.1","hPEP.TRPV1/A1.1","PEP"
"Neuron1142","pbmc3k",3854,71,"7","7","hPEP.KIT","hPEP.KIT","PEP"
"Neuron1143","pbmc3k",917,53,"4","4","hPEP.PIEZOh","hPEP.PIEZOh","PEP"
"Neuron1144","pbmc3k",2385,68,"4","4","hPEP.PIEZOh","hPEP.PIEZOh","PEP"
"Neuron1145","pbmc3k",6429,78,"4","4","hPEP.PIEZOh","hPEP.PIEZOh","PEP"
"Neuron1146","pbmc3k",4568,72,"2","2","hPEP.TRPV1/A1.1","hPEP.TRPV1/A1.1","PEP"
"Neuron1147","pbmc3k",2913,72,"5","5","hNP1","hNP1","NP"
"Neuron1148","pbmc3k",4268,60,"2","2","hPEP.TRPV1/A1.1","hPEP.TRPV1/A1.1","PEP"
"Neuron1149","pbmc3k",2865,64,"8","8","hAb.LTMR","hAb.LTMR","NF"
"Neuron1150","pbmc3k",3412,65,"16","16","hTRPM8","hTRPM8","TRPM8"
"Neuron1151","pbmc3k",3103,69,"9","9","hPEP.CHRNA7","hPEP.CHRNA7","PEP"
"Neuron1152","pbmc3k",694,56,"4","4","hPEP.PIEZOh","hPEP.PIEZOh","PEP"
"Neuron1153","pbmc3k",4487,76,"15","15","hNP2","hNP2","NP"
"Neuron1154","pbmc3k",1256,57,"15","15","hNP2","hNP2","NP"
"Neuron1155","pbmc3k",2216,69,"3","3","hSST","hSST","NP"
"Neuron1156","pbmc3k",6229,60,"13","13","hAd.LTMR","hAd.LTMR","NF"
"Neuron1157","pbmc3k",1378,52,"1","1","hPEP.TRPV1/A1.2","hPEP.TRPV1/A1.2","PEP"
"Neuron1158","pbmc3k",6174,71,"4","4","hPEP.PIEZOh","hPEP.PIEZOh","PEP"
"Neuron1159","pbmc3k",8427,71,"8","8","hAb.LTMR","hAb.LTMR","NF"
"Neuron1160","pbmc3k",9404,73,"8","8","hAb.LTMR","hAb.LTMR","NF"
"Neuron1161","pbmc3k",9374,77,"10","10","hPEP.NTRK3","hPEP.NTRK3","PEP"
"Neuron1162","pbmc3k",6725,67,"8","8","hAb.LTMR","hAb.LTMR","NF"
"Neuron1163","pbmc3k",7884,71,"13","13","hAd.LTMR","hAd.LTMR","NF"
"Neuron1164","pbmc3k",3167,60,"2","2","hPEP.TRPV1/A1.1","hPEP.TRPV1/A1.1","PEP"
"Neuron1165","pbmc3k",7313,70,"0","0","hNP1","hNP1","NP"
"Neuron1166","pbmc3k",3735,71,"5","5","hNP1","hNP1","NP"
"Neuron1167","pbmc3k",969,65,"5","5","hNP1","hNP1","NP"
"Neuron1168","pbmc3k",2546,70,"5","5","hNP1","hNP1","NP"
"Neuron1169","pbmc3k",6141,72,"4","4","hPEP.PIEZOh","hPEP.PIEZOh","PEP"
"Neuron1170","pbmc3k",5206,75,"5","5","hNP1","hNP1","NP"
"Neuron1171","pbmc3k",3900,64,"6","6","hAd.LTMR","hAd.LTMR","NF"
"Neuron1172","pbmc3k",5413,75,"4","4","hPEP.PIEZOh","hPEP.PIEZOh","PEP"
"Neuron1173","pbmc3k",6724,74,"0","0","hNP1","hNP1","NP"
"Neuron1174","pbmc3k",4307,74,"5","5","hNP1","hC.LTMR","NP"
"Neuron1175","pbmc3k",7901,75,"7","7","hPEP.KIT","hPEP.KIT","PEP"
"Neuron1176","pbmc3k",4122,56,"13","13","hAd.LTMR","hAd.LTMR","NF"
"Neuron1178","pbmc3k",6589,63,"13","13","hAd.LTMR","hAd.LTMR","NF"
"Neuron1179","pbmc3k",4468,62,"2","2","hPEP.TRPV1/A1.1","hPEP.TRPV1/A1.1","PEP"
"Neuron1180","pbmc3k",8405,69,"13","13","hAd.LTMR","hAd.LTMR","NF"
"Neuron1181","pbmc3k",4050,64,"6","6","hAd.LTMR","hAd.LTMR","NF"
"Neuron1182","pbmc3k",16143,75,"10","10","hPEP.NTRK3","hPEP.NTRK3","PEP"
"Neuron1183","pbmc3k",12462,67,"8","8","hAb.LTMR","hATF3","NF"
"Neuron1184","pbmc3k",10542,71,"12","12","hPropr","hPropr","NF"
"Neuron1186","pbmc3k",23557,79,"8","8","hAb.LTMR","hAb.LTMR","NF"
"Neuron1187","pbmc3k",10284,68,"8","8","hAb.LTMR","hATF3","NF"
"Neuron1188","pbmc3k",2045,60,"1","1","hPEP.TRPV1/A1.2","hPEP.TRPV1/A1.2","PEP"
"Neuron1189","pbmc3k",884,53,"7","7","hPEP.KIT","hPEP.KIT","PEP"
"Neuron1190","pbmc3k",7248,77,"4","4","hPEP.PIEZOh","hPEP.PIEZOh","PEP"
"Neuron1191","pbmc3k",3551,65,"1","1","hPEP.TRPV1/A1.2","hPEP.TRPV1/A1.2","PEP"
"Neuron1192","pbmc3k",5512,69,"1","1","hPEP.TRPV1/A1.2","hPEP.TRPV1/A1.2","PEP"
"Neuron1195","pbmc3k",2088,67,"14","14","hPEP0","hPEP.0","PEP"
"Neuron1196","pbmc3k",6906,70,"6","6","hAd.LTMR","hAd.LTMR","NF"
"Neuron1197","pbmc3k",1389,57,"1","1","hPEP.TRPV1/A1.2","hPEP.TRPV1/A1.2","PEP"
"Neuron1199","pbmc3k",1839,65,"7","7","hPEP.KIT","hPEP.KIT","PEP"
"Neuron1200","pbmc3k",467,66,"14","14","hPEP0","hPEP.0","PEP"
"Neuron1201","pbmc3k",175,42,"7","7","hPEP.KIT","hPEP.KIT","PEP"
"Neuron1202","pbmc3k",2657,68,"16","16","hTRPM8","hTRPM8","TRPM8"
"Neuron1203","pbmc3k",3560,66,"3","3","hSST","hSST","NP"
"Neuron1204","pbmc3k",3935,72,"0","0","hNP1","hNP1","NP"
"Neuron1205","pbmc3k",10231,75,"4","4","hPEP.PIEZOh","hPEP.PIEZOh","PEP"
"Neuron1206","pbmc3k",6255,73,"7","7","hPEP.KIT","hPEP.KIT","PEP"
"Neuron1207","pbmc3k",1294,56,"2","2","hPEP.TRPV1/A1.1","hPEP.TRPV1/A1.1","PEP"
"Neuron1208","pbmc3k",3674,64,"1","1","hPEP.TRPV1/A1.2","hPEP.TRPV1/A1.2","PEP"
"Neuron1209","pbmc3k",8865,81,"4","4","hPEP.PIEZOh","hPEP.PIEZOh","PEP"
"Neuron1210","pbmc3k",1629,66,"16","16","hTRPM8","hTRPM8","TRPM8"
"Neuron1211","pbmc3k",1067,62,"7","7","hPEP.KIT","hPEP.KIT","PEP"
"Neuron1212","pbmc3k",6636,76,"1","1","hPEP.TRPV1/A1.2","hPEP.TRPV1/A1.2","PEP"
"Neuron1213","pbmc3k",9289,73,"7","7","hPEP.KIT","hPEP.KIT","PEP"
"Neuron1214","pbmc3k",4320,72,"1","1","hPEP.TRPV1/A1.2","hPEP.TRPV1/A1.2","PEP"
"Neuron1215","pbmc3k",7385,71,"0","0","hNP1","hNP1","NP"
"Neuron1217","pbmc3k",3486,68,"1","1","hPEP.TRPV1/A1.2","hPEP.TRPV1/A1.2","PEP"
"Neuron1218","pbmc3k",2194,67,"1","1","hPEP.TRPV1/A1.2","hPEP.TRPV1/A1.2","PEP"
"Neuron1219","pbmc3k",9132,83,"1","1","hPEP.TRPV1/A1.2","hPEP.TRPV1/A1.2","PEP"
"Neuron1220","pbmc3k",2245,53,"2","2","hPEP.TRPV1/A1.1","hPEP.TRPV1/A1.1","PEP"
"Neuron1221","pbmc3k",5300,72,"7","7","hPEP.KIT","hPEP.KIT","PEP"
"Neuron1222","pbmc3k",165,37,"14","14","hPEP0","hPEP.0","PEP"
"Neuron1223","pbmc3k",995,51,"4","4","hPEP.PIEZOh","hPEP.PIEZOh","PEP"
"Neuron1224","pbmc3k",1744,68,"1","1","hPEP.TRPV1/A1.2","hPEP.TRPV1/A1.2","PEP"
"Neuron1225","pbmc3k",4650,68,"2","2","hPEP.TRPV1/A1.1","hPEP.TRPV1/A1.1","PEP"
"Neuron1226","pbmc3k",2841,63,"2","2","hPEP.TRPV1/A1.1","hPEP.TRPV1/A1.1","PEP"
"Neuron1227","pbmc3k",5305,64,"1","1","hPEP.TRPV1/A1.2","hPEP.TRPV1/A1.2","PEP"
"Neuron1228","pbmc3k",1622,54,"7","7","hPEP.KIT","hPEP.KIT","PEP"
"Neuron1229","pbmc3k",6417,71,"9","9","hPEP.CHRNA7","hPEP.CHRNA7","PEP"
"Neuron1230","pbmc3k",5024,71,"15","15","hNP2","hNP2","NP"
"Neuron1231","pbmc3k",5347,69,"4","4","hPEP.PIEZOh","hPEP.PIEZOh","PEP"
"Neuron1232","pbmc3k",4110,67,"2","2","hPEP.TRPV1/A1.1","hPEP.TRPV1/A1.1","PEP"
"Neuron1233","pbmc3k",3666,69,"3","3","hSST","hSST","NP"
"Neuron1234","pbmc3k",1636,62,"1","1","hPEP.TRPV1/A1.2","hPEP.TRPV1/A1.2","PEP"
"Neuron1235","pbmc3k",7268,71,"7","7","hPEP.KIT","hPEP.KIT","PEP"
"Neuron1236","pbmc3k",5590,73,"1","1","hPEP.TRPV1/A1.2","hPEP.TRPV1/A1.2","PEP"
"Neuron1237","pbmc3k",4917,69,"7","7","hPEP.KIT","hPEP.KIT","PEP"
"Neuron1238","pbmc3k",5296,71,"1","1","hPEP.TRPV1/A1.2","hPEP.TRPV1/A1.2","PEP"
"Neuron1239","pbmc3k",6668,76,"7","7","hPEP.KIT","hPEP.KIT","PEP"
"Neuron1240","pbmc3k",522,57,"1","1","hPEP.TRPV1/A1.2","hPEP.TRPV1/A1.2","PEP"
"Neuron1241","pbmc3k",6184,71,"7","7","hPEP.KIT","hPEP.KIT","PEP"
"Neuron1242","pbmc3k",493,52,"14","14","hPEP0","hPEP.0","PEP"
"Neuron1244","pbmc3k",2792,58,"2","2","hPEP.TRPV1/A1.1","hPEP.TRPV1/A1.1","PEP"
"Neuron1246","pbmc3k",1162,62,"0","0","hNP1","hNP1","NP"
"Neuron1247","pbmc3k",16564,71,"8","8","hAb.LTMR","hAb.LTMR","NF"
"Neuron1248","pbmc3k",6508,70,"4","4","hPEP.PIEZOh","hPEP.PIEZOh","PEP"
"Neuron1249","pbmc3k",4546,72,"3","3","hSST","hSST","NP"
"Neuron1250","pbmc3k",4802,71,"1","1","hPEP.TRPV1/A1.2","hPEP.TRPV1/A1.2","PEP"
"Neuron1251","pbmc3k",6320,72,"0","0","hNP1","hNP1","NP"
"Neuron1252","pbmc3k",1819,55,"2","2","hPEP.TRPV1/A1.1","hPEP.TRPV1/A1.1","PEP"
"Neuron1253","pbmc3k",874,51,"6","6","hAd.LTMR","hAd.LTMR","NF"
"Neuron1254","pbmc3k",3172,67,"7","7","hPEP.KIT","hPEP.KIT","PEP"
"Neuron1255","pbmc3k",5673,58,"13","13","hAd.LTMR","hAd.LTMR","NF"
"Neuron1256","pbmc3k",6913,75,"9","9","hPEP.CHRNA7","hPEP.CHRNA7","PEP"
"Neuron1257","pbmc3k",7011,75,"1","1","hPEP.TRPV1/A1.2","hPEP.TRPV1/A1.2","PEP"
"Neuron1258","pbmc3k",5064,70,"10","10","hPEP.NTRK3","hPEP.NTRK3","PEP"
"Neuron1259","pbmc3k",1977,54,"6","6","hAd.LTMR","hAd.LTMR","NF"
"Neuron1260","pbmc3k",706,55,"15","15","hNP2","hNP2","NP"
"Neuron1262","pbmc3k",7019,71,"1","1","hPEP.TRPV1/A1.2","hPEP.TRPV1/A1.2","PEP"
"Neuron1263","pbmc3k",4761,70,"16","16","hTRPM8","hTRPM8","TRPM8"
"Neuron1264","pbmc3k",5175,68,"7","7","hPEP.KIT","hPEP.KIT","PEP"
"Neuron1265","pbmc3k",19755,73,"8","8","hAb.LTMR","hAb.LTMR","NF"
"Neuron1266","pbmc3k",7845,76,"1","1","hPEP.TRPV1/A1.2","hPEP.TRPV1/A1.2","PEP"
"Neuron1267","pbmc3k",8661,78,"0","0","hNP1","hNP1","NP"
"Neuron1268","pbmc3k",7733,73,"4","4","hPEP.PIEZOh","hPEP.PIEZOh","PEP"
"Neuron1269","pbmc3k",11294,72,"8","8","hAb.LTMR","hATF3","NF"
"Neuron1271","pbmc3k",6079,73,"9","9","hPEP.CHRNA7","hPEP.CHRNA7","PEP"
"Neuron1272","pbmc3k",1338,53,"16","16","hTRPM8","hTRPM8","TRPM8"
"Neuron1273","pbmc3k",669,50,"14","14","hPEP0","hPEP.0","PEP"
"Neuron1274","pbmc3k",2746,55,"8","8","hAb.LTMR","hAb.LTMR","NF"
"Neuron1275","pbmc3k",7270,74,"0","0","hNP1","hNP1","NP"
"Neuron1276","pbmc3k",5125,83,"5","5","hNP1","hNP1","NP"
"Neuron1278","pbmc3k",4055,79,"5","5","hNP1","hNP1","NP"
"Neuron1279","pbmc3k",8262,79,"0","0","hNP1","hNP1","NP"
"Neuron1280","pbmc3k",5520,60,"13","13","hAd.LTMR","hAd.LTMR","NF"
"Neuron1281","pbmc3k",7429,78,"3","3","hSST","hSST","NP"
"Neuron1282","pbmc3k",312,48,"7","7","hPEP.KIT","hPEP.KIT","PEP"
"Neuron1283","pbmc3k",9132,75,"7","7","hPEP.KIT","hPEP.KIT","PEP"
"Neuron1284","pbmc3k",5358,71,"7","7","hPEP.KIT","hPEP.KIT","PEP"
"Neuron1285","pbmc3k",3312,69,"15","15","hNP2","hNP2","NP"
"Neuron1286","pbmc3k",6136,74,"3","3","hSST","hSST","NP"
"Neuron1287","pbmc3k",725,59,"14","14","hPEP0","hPEP.0","PEP"
"Neuron1288","pbmc3k",11519,84,"5","5","hNP1","hNP1","NP"
"Neuron1289","pbmc3k",634,60,"3","3","hSST","hSST","NP"
"Neuron1290","pbmc3k",10897,77,"0","0","hNP1","hNP1","NP"
"Neuron1291","pbmc3k",11233,74,"4","4","hPEP.PIEZOh","hPEP.PIEZOh","PEP"
"Neuron1292","pbmc3k",1413,57,"14","14","hPEP0","hPEP.0","PEP"
"Neuron1293","pbmc3k",1301,59,"14","14","hPEP0","hPEP.0","PEP"
"Neuron1294","pbmc3k",7729,76,"4","4","hPEP.PIEZOh","hPEP.PIEZOh","PEP"
"Neuron1295","pbmc3k",7299,74,"7","7","hPEP.KIT","hPEP.KIT","PEP"
"Neuron1296","pbmc3k",6843,76,"7","7","hPEP.KIT","hPEP.KIT","PEP"
"Neuron1297","pbmc3k",5309,81,"15","15","hNP2","hNP2","NP"
"Neuron1298","pbmc3k",16298,76,"8","8","hAb.LTMR","hAb.LTMR","NF"
"Neuron1299","pbmc3k",1332,56,"6","6","hAd.LTMR","hAd.LTMR","NF"
"Neuron1301","pbmc3k",9138,72,"7","7","hPEP.KIT","hPEP.KIT","PEP"
"Neuron1302","pbmc3k",11642,76,"6","6","hAd.LTMR","hAd.LTMR","NF"
"Neuron1303","pbmc3k",1408,64,"4","4","hPEP.PIEZOh","hPEP.PIEZOh","PEP"
"Neuron1304","pbmc3k",3923,76,"5","5","hNP1","hNP1","NP"
"Neuron1305","pbmc3k",10264,76,"7","7","hPEP.KIT","hPEP.KIT","PEP"
"Neuron1306","pbmc3k",5240,72,"0","0","hNP1","hNP1","NP"
"Neuron1307","pbmc3k",3259,68,"4","4","hPEP.PIEZOh","hPEP.PIEZOh","PEP"
"Neuron1308","pbmc3k",2535,63,"1","1","hPEP.TRPV1/A1.2","hPEP.TRPV1/A1.2","PEP"
"Neuron1309","pbmc3k",2928,71,"5","5","hNP1","hNP1","NP"
"Neuron1310","pbmc3k",2808,69,"12","12","hPropr","hPropr","NF"
"Neuron1311","pbmc3k",2046,65,"14","14","hPEP0","hPEP.0","PEP"
"Neuron1312","pbmc3k",12754,77,"8","8","hAb.LTMR","hATF3","NF"
"Neuron1313","pbmc3k",4666,74,"1","1","hPEP.TRPV1/A1.2","hPEP.TRPV1/A1.2","PEP"
"Neuron1314","pbmc3k",1668,60,"6","6","hAd.LTMR","hAd.LTMR","NF"
"Neuron1315","pbmc3k",6584,79,"3","3","hSST","hSST","NP"
"Neuron1316","pbmc3k",1719,60,"6","6","hAd.LTMR","hAd.LTMR","NF"
"Neuron1317","pbmc3k",5465,69,"2","2","hPEP.TRPV1/A1.1","hPEP.TRPV1/A1.1","PEP"
"Neuron1318","pbmc3k",15658,82,"5","5","hNP1","hNP1","NP"
"Neuron1319","pbmc3k",10839,76,"7","7","hPEP.KIT","hPEP.KIT","PEP"
"Neuron1320","pbmc3k",8551,71,"4","4","hPEP.PIEZOh","hPEP.PIEZOh","PEP"
"Neuron1321","pbmc3k",5166,70,"0","0","hNP1","hNP1","NP"
"Neuron1322","pbmc3k",6580,65,"12","12","hPropr","hPropr","NF"
"Neuron1323","pbmc3k",1464,64,"6","6","hAd.LTMR","hAd.LTMR","NF"
"Neuron1324","pbmc3k",7428,78,"4","4","hPEP.PIEZOh","hPEP.PIEZOh","PEP"
"Neuron1325","pbmc3k",11546,73,"12","12","hPropr","hPropr","NF"
"Neuron1326","pbmc3k",14757,80,"12","12","hPropr","hPropr","NF"
"Neuron1327","pbmc3k",11756,70,"8","8","hAb.LTMR","hAb.LTMR","NF"
"Neuron1328","pbmc3k",7517,67,"10","10","hPEP.NTRK3","hPEP.NTRK3","PEP"
"Neuron1329","pbmc3k",21419,75,"4","4","hPEP.PIEZOh","hPEP.PIEZOh","PEP"
"Neuron1330","pbmc3k",5155,67,"6","6","hAd.LTMR","hAd.LTMR","NF"
"Neuron1331","pbmc3k",7269,70,"6","6","hAd.LTMR","hAd.LTMR","NF"
"Neuron1332","pbmc3k",21596,77,"8","8","hAb.LTMR","hAb.LTMR","NF"
"Neuron1333","pbmc3k",760,61,"7","7","hPEP.KIT","hPEP.KIT","PEP"
"Neuron1334","pbmc3k",10518,78,"10","10","hPEP.NTRK3","hPEP.NTRK3","PEP"
"Neuron1335","pbmc3k",8080,74,"1","1","hPEP.TRPV1/A1.2","hPEP.TRPV1/A1.2","PEP"
"Neuron1336","pbmc3k",8531,69,"8","8","hAb.LTMR","hAb.LTMR","NF"
"Neuron1337","pbmc3k",10848,82,"5","5","hNP1","hNP1","NP"
"Neuron1338","pbmc3k",2380,67,"0","0","hNP1","hNP1","NP"
"Neuron1339","pbmc3k",2766,66,"1","1","hPEP.TRPV1/A1.2","hPEP.TRPV1/A1.2","PEP"
"Neuron1340","pbmc3k",4487,66,"12","12","hPropr","hPropr","NF"
"Neuron1342","pbmc3k",7449,71,"10","10","hPEP.NTRK3","hPEP.NTRK3","PEP"
"Neuron1343","pbmc3k",1998,58,"6","6","hAd.LTMR","hAd.LTMR","NF"
"Neuron1344","pbmc3k",5662,72,"2","2","hPEP.TRPV1/A1.1","hPEP.TRPV1/A1.1","PEP"
"Neuron1345","pbmc3k",1793,49,"8","8","hAb.LTMR","hAb.LTMR","NF"
"Neuron1346","pbmc3k",7932,70,"0","0","hNP1","hNP1","NP"
"Neuron1347","pbmc3k",6284,72,"0","0","hNP1","hNP1","NP"
"Neuron1348","pbmc3k",3942,73,"1","1","hPEP.TRPV1/A1.2","hPEP.TRPV1/A1.2","PEP"
"Neuron1349","pbmc3k",6561,61,"8","8","hAb.LTMR","hAb.LTMR","NF"
"Neuron1351","pbmc3k",6615,76,"1","1","hPEP.TRPV1/A1.2","hPEP.TRPV1/A1.2","PEP"
"Neuron1352","pbmc3k",2741,73,"15","15","hNP2","hNP2","NP"
"Neuron1353","pbmc3k",873,55,"1","1","hPEP.TRPV1/A1.2","hPEP.TRPV1/A1.2","PEP"
"Neuron1354","pbmc3k",2711,63,"1","1","hPEP.TRPV1/A1.2","hPEP.TRPV1/A1.2","PEP"
"Neuron1355","pbmc3k",10608,70,"4","4","hPEP.PIEZOh","hPEP.PIEZOh","PEP"
"Neuron1356","pbmc3k",133,40,"3","3","hSST","hSST","NP"
"Neuron1357","pbmc3k",3504,63,"2","2","hPEP.TRPV1/A1.1","hPEP.TRPV1/A1.1","PEP"
"Neuron1358","pbmc3k",1880,61,"4","4","hPEP.PIEZOh","hPEP.PIEZOh","PEP"
"Neuron1359","pbmc3k",8580,73,"1","1","hPEP.TRPV1/A1.2","hPEP.TRPV1/A1.2","PEP"
"Neuron1360","pbmc3k",9019,71,"8","8","hAb.LTMR","hATF3","NF"
"Neuron1361","pbmc3k",6193,68,"9","9","hPEP.CHRNA7","hPEP.CHRNA7","PEP"
"Neuron1362","pbmc3k",9142,80,"5","5","hNP1","hNP1","NP"
"Neuron1363","pbmc3k",8217,74,"0","0","hNP1","hNP1","NP"
"Neuron1364","pbmc3k",5857,74,"1","1","hPEP.TRPV1/A1.2","hPEP.TRPV1/A1.2","PEP"
"Neuron1365","pbmc3k",8424,76,"4","4","hPEP.PIEZOh","hPEP.PIEZOh","PEP"
"Neuron1366","pbmc3k",2143,59,"2","2","hPEP.TRPV1/A1.1","hPEP.TRPV1/A1.1","PEP"
"Neuron1367","pbmc3k",11956,75,"4","4","hPEP.PIEZOh","hPEP.PIEZOh","PEP"
"Neuron1369","pbmc3k",1222,60,"14","14","hPEP0","hPEP.0","PEP"
"Neuron1370","pbmc3k",2543,53,"2","2","hPEP.TRPV1/A1.1","hPEP.TRPV1/A1.1","PEP"
"Neuron1371","pbmc3k",6084,72,"5","5","hNP1","hC.LTMR","NP"
"Neuron1372","pbmc3k",2993,72,"7","7","hPEP.KIT","hPEP.KIT","PEP"
"Neuron1373","pbmc3k",9828,78,"3","3","hSST","hSST","NP"
"Neuron1374","pbmc3k",5908,74,"4","4","hPEP.PIEZOh","hPEP.PIEZOh","PEP"
"Neuron1375","pbmc3k",3087,64,"5","5","hNP1","hC.LTMR","NP"
"Neuron1376","pbmc3k",3825,76,"1","1","hPEP.TRPV1/A1.2","hPEP.TRPV1/A1.2","PEP"
"Neuron1377","pbmc3k",3601,62,"1","1","hPEP.TRPV1/A1.2","hPEP.TRPV1/A1.2","PEP"
"Neuron1379","pbmc3k",3341,64,"5","5","hNP1","hC.LTMR","NP"
"Neuron1380","pbmc3k",5630,67,"1","1","hPEP.TRPV1/A1.2","hPEP.TRPV1/A1.2","PEP"
"Neuron1381","pbmc3k",4352,67,"1","1","hPEP.TRPV1/A1.2","hPEP.TRPV1/A1.2","PEP"
"Neuron1382","pbmc3k",922,47,"2","2","hPEP.TRPV1/A1.1","hPEP.TRPV1/A1.1","PEP"
"Neuron1383","pbmc3k",11952,78,"0","0","hNP1","hNP1","NP"
"Neuron1384","pbmc3k",13549,75,"4","4","hPEP.PIEZOh","hPEP.PIEZOh","PEP"
"Neuron1385","pbmc3k",1839,68,"14","14","hPEP0","hPEP.0","PEP"
"Neuron1386","pbmc3k",4011,70,"7","7","hPEP.KIT","hPEP.KIT","PEP"
"Neuron1387","pbmc3k",1784,56,"2","2","hPEP.TRPV1/A1.1","hPEP.TRPV1/A1.1","PEP"
"Neuron1388","pbmc3k",1334,58,"2","2","hPEP.TRPV1/A1.1","hPEP.TRPV1/A1.1","PEP"
"Neuron1389","pbmc3k",5320,70,"0","0","hNP1","hNP1","NP"
"Neuron1390","pbmc3k",6641,70,"13","13","hAd.LTMR","hAd.LTMR","NF"
"Neuron1393","pbmc3k",13541,77,"10","10","hPEP.NTRK3","hPEP.NTRK3","PEP"
"Neuron1394","pbmc3k",8871,76,"4","4","hPEP.PIEZOh","hPEP.PIEZOh","PEP"
"Neuron1396","pbmc3k",4985,70,"7","7","hPEP.KIT","hPEP.KIT","PEP"
"Neuron1397","pbmc3k",2056,52,"8","8","hAb.LTMR","hAb.LTMR","NF"
"Neuron1400","pbmc3k",3009,67,"9","9","hPEP.CHRNA7","hPEP.CHRNA7","PEP"
"Neuron1401","pbmc3k",5756,62,"8","8","hAb.LTMR","hAb.LTMR","NF"
"Neuron1403","pbmc3k",4267,59,"12","12","hPropr","hPropr","NF"
"Neuron1404","pbmc3k",6139,63,"12","12","hPropr","hPropr","NF"
"Neuron1405","pbmc3k",5625,61,"12","12","hPropr","hPropr","NF"
"Neuron1406","pbmc3k",18743,71,"8","8","hAb.LTMR","hAb.LTMR","NF"
"Neuron1407","pbmc3k",18815,76,"8","8","hAb.LTMR","hAb.LTMR","NF"
"Neuron1408","pbmc3k",19800,73,"8","8","hAb.LTMR","hAb.LTMR","NF"
"Neuron1409","pbmc3k",4992,63,"12","12","hPropr","hPropr","NF"
"Neuron1411","pbmc3k",4110,60,"2","2","hPEP.TRPV1/A1.1","hPEP.TRPV1/A1.1","PEP"
"Neuron1412","pbmc3k",7552,65,"13","13","hAd.LTMR","hAd.LTMR","NF"
"Neuron1413","pbmc3k",6599,66,"6","6","hAd.LTMR","hAd.LTMR","NF"
"Neuron1414","pbmc3k",1453,59,"12","12","hPropr","hPropr","NF"
"Neuron1415","pbmc3k",7918,71,"12","12","hPropr","hPropr","NF"
