,orig.ident,nCount_RNA,nFeature_RNA,seurat_clusters,donor,batch,location,level,cl.conserv_final,sample_id
c-1,SeuratProject,126799,8074,15,N2,1,lumbar 5,lumbar,PEP.H4.15,N2-RL5-1
N2-RL5-2,SeuratProject,178396,9026,9,N2,1,lumbar 5,lumbar,PEP1.13,N2-RL5-2
N2-RL5-3,SeuratProject,40437,6293,0,N2,1,lumbar 5,lumbar,Propr,N2-RL5-3
N2-RL5-4,SeuratProject,106207,6755,2,N2,1,lumbar 5,lumbar,PEP.H0,N2-RL5-4
N2-RL5-5,SeuratProject,34078,5506,9,N2,1,lumbar 5,lumbar,PEP1.13,N2-RL5-5
N2-RL5-7,SeuratProject,198986,10741,5,N2,1,lumbar 5,lumbar,Ab.LTMR,N2-RL5-7
N2-RL5-8,SeuratProject,67920,6751,0,N2,1,lumbar 5,lumbar,Propr,N2-RL5-8
N2-RL5-10,SeuratProject,231884,8024,0,N2,1,lumbar 5,lumbar,Propr,N2-RL5-10
N2-RL5-11,SeuratProject,421880,11741,4,N2,1,lumbar 5,lumbar,PEP.H8,N2-RL5-11
N2-RL5-12,SeuratProject,705561,13277,18,N2,1,lumbar 5,lumbar,Un.Gi,N2-RL5-12
N2-RL5-13,SeuratProject,533543,12656,14,N2,1,lumbar 5,lumbar,PEP3,N2-RL5-13
N2-RL5-14,SeuratProject,706200,14329,0,N2,1,lumbar 5,lumbar,Propr,N2-RL5-14
N2-RL5-15,SeuratProject,605492,12641,4,N2,1,lumbar 5,lumbar,PEP.H8,N2-RL5-15
N2-RL5-16,SeuratProject,1160489,13445,8,N2,1,lumbar 5,lumbar,PEP.H4,N2-RL5-16
N2-RL5-17,SeuratProject,31164,4801,4,N2,1,lumbar 5,lumbar,PEP.H8,N2-RL5-17
N2-RL5-18,SeuratProject,48528,6716,13,N2,1,lumbar 5,lumbar,Ad.LTMR,N2-RL5-18
N2-RL5-19,SeuratProject,655089,13962,4,N2,1,lumbar 5,lumbar,PEP.H8,N2-RL5-19
N2-RL5-20,SeuratProject,120589,5253,3,N2,1,lumbar 5,lumbar,PEP.H0,N2-RL5-20
N2-RL5-21,SeuratProject,241998,11032,6,N2,1,lumbar 5,lumbar,PEP.H5,N2-RL5-21
N2-RL5-22,SeuratProject,50613,5392,2,N2,1,lumbar 5,lumbar,PEP.H0,N2-RL5-22
N2-RL5-23,SeuratProject,339224,12890,18,N2,1,lumbar 5,lumbar,Un.Gi,N2-RL5-23
N2-RL5-24,SeuratProject,47764,6661,0,N2,1,lumbar 5,lumbar,Propr,N2-RL5-24
N2-RL5-25,SeuratProject,62436,5640,4,N2,1,lumbar 5,lumbar,PEP.H8,N2-RL5-25
N2-RL5-26,SeuratProject,211946,6818,3,N2,1,lumbar 5,lumbar,Ab.LTMR,N2-RL5-26
N2-RL5-28,SeuratProject,144783,9055,0,N2,1,lumbar 5,lumbar,Propr,N2-RL5-28
N2-RL5-29,SeuratProject,304601,10586,2,N2,1,lumbar 5,lumbar,Un.Gi,N2-RL5-29
N2-RL5-30,SeuratProject,442840,8672,7,N2,1,lumbar 5,lumbar,Ab.LTMR,N2-RL5-30
N2-RL5-31,SeuratProject,179877,7170,6,N2,1,lumbar 5,lumbar,PEP.H5,N2-RL5-31
N2-RL5-32,SeuratProject,255685,7914,0,N2,1,lumbar 5,lumbar,Propr,N2-RL5-32
N2-RL5-34,SeuratProject,86816,6451,7,N2,1,lumbar 5,lumbar,Ab.LTMR,N2-RL5-34
N2-RL5-35,SeuratProject,79854,6744,0,N2,1,lumbar 5,lumbar,Propr,N2-RL5-35
N2-RL5-36,SeuratProject,357457,9532,0,N2,1,lumbar 5,lumbar,Propr,N2-RL5-36
N2-RL5-37,SeuratProject,92146,6369,2,N2,1,lumbar 5,lumbar,PEP.H0,N2-RL5-37
N2-RL5-38,SeuratProject,167197,7423,6,N2,1,lumbar 5,lumbar,PEP.H5,N2-RL5-38
N2-RL5-39,SeuratProject,65386,6349,0,N2,1,lumbar 5,lumbar,Propr,N2-RL5-39
N2-RL5-40,SeuratProject,55218,6580,0,N2,1,lumbar 5,lumbar,Propr,N2-RL5-40
N2-RL5-41,SeuratProject,455411,12268,7,N2,1,lumbar 5,lumbar,Ab.LTMR,N2-RL5-41
N2-RL5-42,SeuratProject,60333,5885,7,N2,1,lumbar 5,lumbar,Ab.LTMR,N2-RL5-42
N2-RL5-43,SeuratProject,93100,6905,0,N2,1,lumbar 5,lumbar,Propr,N2-RL5-43
N2-RL5-44,SeuratProject,601593,10578,11,N2,1,lumbar 5,lumbar,Ad.LTMR,N2-RL5-44
N2-RL5-45,SeuratProject,248120,8228,5,N2,1,lumbar 5,lumbar,Ab.LTMR,N2-RL5-45
N2-RL5-47,SeuratProject,911165,13347,0,N2,1,lumbar 5,lumbar,Propr,N2-RL5-47
N2-RL5-48,SeuratProject,212768,10749,15,N2,1,lumbar 5,lumbar,PEP.H4.15,N2-RL5-48
N2-RL5-50,SeuratProject,115148,6189,3,N2,1,lumbar 5,lumbar,PEP.H0,N2-RL5-50
N2-RL5-51,SeuratProject,178121,7355,7,N2,1,lumbar 5,lumbar,Ab.LTMR,N2-RL5-51
N2-RL5-52,SeuratProject,36430,5088,4,N2,1,lumbar 5,lumbar,PEP.H8,N2-RL5-52
N2-RL5-54,SeuratProject,139765,7660,2,N2,1,lumbar 5,lumbar,PEP.H0,N2-RL5-54
N2-RL5-55,SeuratProject,116295,7612,5,N2,1,lumbar 5,lumbar,Ab.LTMR,N2-RL5-55
N2-RL5-56,SeuratProject,148273,8920,10,N2,1,lumbar 5,lumbar,NP1,N2-RL5-56
N2-RL5-57,SeuratProject,172314,7931,2,N2,1,lumbar 5,lumbar,PEP.H0,N2-RL5-57
N2-RL5-58,SeuratProject,68341,5652,2,N2,1,lumbar 5,lumbar,PEP.H0,N2-RL5-58
N2-RL5-60,SeuratProject,48432,5216,9,N2,1,lumbar 5,lumbar,PEP1.13,N2-RL5-60
N2-RL5-61,SeuratProject,66440,6580,9,N2,1,lumbar 5,lumbar,PEP1.13,N2-RL5-61
N2-RL5-62,SeuratProject,205011,8000,0,N2,1,lumbar 5,lumbar,Propr,N2-RL5-62
N2-RL5-63,SeuratProject,80600,5780,4,N2,1,lumbar 5,lumbar,PEP.H8,N2-RL5-63
N2-RL5-64,SeuratProject,183347,7387,2,N2,1,lumbar 5,lumbar,PEP.H0,N2-RL5-64
N2-RL5-65,SeuratProject,49753,5349,3,N2,1,lumbar 5,lumbar,PEP.H0,N2-RL5-65
N2-RL5-66,SeuratProject,43507,5735,4,N2,1,lumbar 5,lumbar,PEP.H8,N2-RL5-66
N2-RL5-67,SeuratProject,114032,7812,0,N2,1,lumbar 5,lumbar,Un.Gi,N2-RL5-67
N2-RL5-68,SeuratProject,114459,7217,0,N2,1,lumbar 5,lumbar,Un.Gi,N2-RL5-68
N2-RL5-69,SeuratProject,151278,7801,2,N2,1,lumbar 5,lumbar,PEP.H0,N2-RL5-69
N2-RL5-70,SeuratProject,493260,11387,15,N2,1,lumbar 5,lumbar,PEP.H4.15,N2-RL5-70
N2-RL5-71,SeuratProject,91940,6603,7,N2,1,lumbar 5,lumbar,Ab.LTMR,N2-RL5-71
N2-RL5-73,SeuratProject,152849,7919,2,N2,1,lumbar 5,lumbar,PEP.H0,N2-RL5-73
N2-RL5-74,SeuratProject,69106,6012,2,N2,1,lumbar 5,lumbar,PEP.H0,N2-RL5-74
N2-RL5-75,SeuratProject,110172,7653,2,N2,1,lumbar 5,lumbar,PEP.H0,N2-RL5-75
N2-RL5-76,SeuratProject,162265,7255,0,N2,1,lumbar 5,lumbar,Propr,N2-RL5-76
N2-RL5-77,SeuratProject,100434,6423,4,N2,1,lumbar 5,lumbar,PEP.H8,N2-RL5-77
N2-RL5-78,SeuratProject,236591,10358,8,N2,1,lumbar 5,lumbar,PEP.H4,N2-RL5-78
N2-RL5-79,SeuratProject,580356,11986,12,N2,1,lumbar 5,lumbar,NP3,N2-RL5-79
N2-RL5-80,SeuratProject,214823,9127,0,N2,1,lumbar 5,lumbar,Propr,N2-RL5-80
N2-RL5-81,SeuratProject,502863,11945,0,N2,1,lumbar 5,lumbar,Propr,N2-RL5-81
N2-RL5-82,SeuratProject,159116,6417,0,N2,1,lumbar 5,lumbar,Propr,N2-RL5-82
N2-RL5-83,SeuratProject,294264,11555,0,N2,1,lumbar 5,lumbar,Propr,N2-RL5-83
N2-RL5-84,SeuratProject,683230,13537,5,N2,1,lumbar 5,lumbar,Ab.LTMR,N2-RL5-84
N2-RL5-85,SeuratProject,603529,12291,6,N2,1,lumbar 5,lumbar,PEP.H5,N2-RL5-85
N2-RL5-86,SeuratProject,138248,6149,6,N2,1,lumbar 5,lumbar,PEP.H5,N2-RL5-86
N2-RL5-87,SeuratProject,309224,11595,15,N2,1,lumbar 5,lumbar,PEP.H4.15,N2-RL5-87
N2-RL5-88,SeuratProject,369745,11479,8,N2,1,lumbar 5,lumbar,PEP.H4,N2-RL5-88
N2-RL5-89,SeuratProject,192728,7677,9,N2,1,lumbar 5,lumbar,PEP1.13,N2-RL5-89
N2-RL5-90,SeuratProject,378468,11670,10,N2,1,lumbar 5,lumbar,NP1,N2-RL5-90
N2-RL5-91,SeuratProject,259035,10952,5,N2,1,lumbar 5,lumbar,Ab.LTMR,N2-RL5-91
N2-RL5-92,SeuratProject,69399,6787,2,N2,1,lumbar 5,lumbar,Un.Gi,N2-RL5-92
N2-RL5-93,SeuratProject,111610,8048,14,N2,1,lumbar 5,lumbar,PEP3,N2-RL5-93
N2-RL5-94,SeuratProject,502492,12400,0,N2,1,lumbar 5,lumbar,Propr,N2-RL5-94
N2-RL5-95,SeuratProject,293238,11780,4,N2,1,lumbar 5,lumbar,PEP.H8,N2-RL5-95
N2-RL5-96,SeuratProject,165210,8769,0,N2,1,lumbar 5,lumbar,Propr,N2-RL5-96
N2-RL5-97,SeuratProject,353236,12448,4,N2,2,lumbar 5,lumbar,PEP.H8,N2-RL5-97
N2-RL5-98,SeuratProject,393643,10405,5,N2,2,lumbar 5,lumbar,Un.Gi,N2-RL5-98
N2-RL5-99,SeuratProject,131758,7032,0,N2,2,lumbar 5,lumbar,Propr,N2-RL5-99
N2-RL5-100,SeuratProject,239196,10047,0,N2,2,lumbar 5,lumbar,Propr,N2-RL5-100
N2-RL5-101,SeuratProject,326941,11406,8,N2,2,lumbar 5,lumbar,PEP.H4,N2-RL5-101
N2-RL5-102,SeuratProject,123711,7996,0,N2,2,lumbar 5,lumbar,Propr,N2-RL5-102
N2-RL5-103,SeuratProject,118132,7392,0,N2,2,lumbar 5,lumbar,Propr,N2-RL5-103
N2-RL5-104,SeuratProject,150471,7424,10,N2,2,lumbar 5,lumbar,NP1,N2-RL5-104
N2-RL5-105,SeuratProject,338598,10871,18,N2,2,lumbar 5,lumbar,Un.Gi,N2-RL5-105
N2-RL5-106,SeuratProject,173618,8129,4,N2,2,lumbar 5,lumbar,PEP.H8,N2-RL5-106
N2-RL5-107,SeuratProject,263335,7302,11,N2,2,lumbar 5,lumbar,Ad.LTMR,N2-RL5-107
N2-RL5-108,SeuratProject,108067,5976,3,N2,2,lumbar 5,lumbar,Un.Gi,N2-RL5-108
N2-RL5-109,SeuratProject,187194,7697,0,N2,2,lumbar 5,lumbar,Propr,N2-RL5-109
N2-RL5-110,SeuratProject,231159,9946,5,N2,2,lumbar 5,lumbar,Ab.LTMR,N2-RL5-110
N2-RL5-112,SeuratProject,200450,7484,12,N2,2,lumbar 5,lumbar,NP3,N2-RL5-112
N2-RL5-113,SeuratProject,143361,7865,1,N2,2,lumbar 5,lumbar,NP1,N2-RL5-113
N2-RL5-114,SeuratProject,363132,11865,0,N2,2,lumbar 5,lumbar,Propr,N2-RL5-114
N2-RL5-115,SeuratProject,150356,8320,5,N2,2,lumbar 5,lumbar,Ab.LTMR,N2-RL5-115
N2-RL5-116,SeuratProject,177922,7414,0,N2,2,lumbar 5,lumbar,Propr,N2-RL5-116
N2-RL5-118,SeuratProject,139074,8198,0,N2,2,lumbar 5,lumbar,Propr,N2-RL5-118
N2-RL5-120,SeuratProject,152989,7958,1,N2,2,lumbar 5,lumbar,NP1,N2-RL5-120
N2-RL5-121,SeuratProject,117544,8232,1,N2,2,lumbar 5,lumbar,NP1,N2-RL5-121
N2-RL5-122,SeuratProject,391674,12969,0,N2,2,lumbar 5,lumbar,Propr,N2-RL5-122
N2-RL5-124,SeuratProject,136829,8873,0,N2,2,lumbar 5,lumbar,Propr,N2-RL5-124
N2-RL5-125,SeuratProject,103057,6558,2,N2,2,lumbar 5,lumbar,PEP.H0,N2-RL5-125
N2-RL5-126,SeuratProject,148420,9255,0,N2,2,lumbar 5,lumbar,Propr,N2-RL5-126
N2-RL5-127,SeuratProject,167238,9720,0,N2,2,lumbar 5,lumbar,Propr,N2-RL5-127
N2-RL5-128,SeuratProject,210443,10338,5,N2,2,lumbar 5,lumbar,Ab.LTMR,N2-RL5-128
N2-RL5-130,SeuratProject,147895,8482,0,N2,3,lumbar 5,lumbar,Propr,N2-RL5-130
N2-RL5-131,SeuratProject,95416,7057,4,N2,3,lumbar 5,lumbar,PEP.H8,N2-RL5-131
N2-RL5-132,SeuratProject,123495,8736,9,N2,3,lumbar 5,lumbar,PEP1.13,N2-RL5-132
N2-RL5-135,SeuratProject,101005,7102,2,N2,3,lumbar 5,lumbar,PEP.H0,N2-RL5-135
N2-RL5-136,SeuratProject,100184,7341,6,N2,3,lumbar 5,lumbar,PEP.H5,N2-RL5-136
N2-RL5-137,SeuratProject,155637,9045,0,N2,3,lumbar 5,lumbar,Propr,N2-RL5-137
N2-RL5-139,SeuratProject,94054,8337,8,N2,3,lumbar 5,lumbar,PEP.H4,N2-RL5-139
N2-RL5-140,SeuratProject,73832,6729,9,N2,3,lumbar 5,lumbar,PEP1.13,N2-RL5-140
N2-RL5-141,SeuratProject,153050,8246,0,N2,3,lumbar 5,lumbar,Propr,N2-RL5-141
N2-RL5-143,SeuratProject,214036,10829,5,N2,3,lumbar 5,lumbar,Ab.LTMR,N2-RL5-143
N2-RL5-144,SeuratProject,121064,8247,2,N2,3,lumbar 5,lumbar,PEP.H0,N2-RL5-144
N2-RL5-145,SeuratProject,128414,7746,13,N2,3,lumbar 5,lumbar,Ad.LTMR,N2-RL5-145
N2-RL5-146,SeuratProject,140675,9085,2,N2,3,lumbar 5,lumbar,PEP.H0,N2-RL5-146
N2-RL5-147,SeuratProject,160273,8765,0,N2,3,lumbar 5,lumbar,Propr,N2-RL5-147
N2-RL5-148,SeuratProject,260484,7220,0,N2,3,lumbar 5,lumbar,Propr,N2-RL5-148
N2-RL5-149,SeuratProject,317041,11407,0,N2,3,lumbar 5,lumbar,Propr,N2-RL5-149
N2-RL5-150,SeuratProject,198669,7352,0,N2,3,lumbar 5,lumbar,Propr,N2-RL5-150
N2-RL5-151,SeuratProject,219631,5683,14,N2,3,lumbar 5,lumbar,PEP3,N2-RL5-151
N2-RL5-152,SeuratProject,429508,12060,5,N2,3,lumbar 5,lumbar,Ab.LTMR,N2-RL5-152
N2-RL5-153,SeuratProject,102864,4902,3,N2,3,lumbar 5,lumbar,PEP.H0,N2-RL5-153
N2-RL5-154,SeuratProject,135133,6951,2,N2,3,lumbar 5,lumbar,PEP.H0,N2-RL5-154
N2-RL5-155,SeuratProject,147881,9385,10,N2,3,lumbar 5,lumbar,NP1,N2-RL5-155
N2-RL5-156,SeuratProject,160149,5355,3,N2,3,lumbar 5,lumbar,PEP.H0,N2-RL5-156
N2-RL5-157,SeuratProject,156032,4961,3,N2,3,lumbar 5,lumbar,PEP.H0,N2-RL5-157
N2-RL5-158,SeuratProject,232273,10930,8,N2,3,lumbar 5,lumbar,PEP.H4,N2-RL5-158
N2-RL5-159,SeuratProject,166761,6197,2,N2,3,lumbar 5,lumbar,PEP.H0,N2-RL5-159
N2-RL5-160,SeuratProject,153719,9315,1,N2,3,lumbar 5,lumbar,NP1,N2-RL5-160
N2-RL5-162,SeuratProject,54912,3418,1,N2,3,lumbar 5,lumbar,NP1,N2-RL5-162
N2-RL5-163,SeuratProject,71559,6445,1,N2,3,lumbar 5,lumbar,NP1,N2-RL5-163
N2-RL5-164,SeuratProject,134916,8792,4,N2,3,lumbar 5,lumbar,PEP.H8,N2-RL5-164
N2-RL5-165,SeuratProject,117016,4569,3,N2,3,lumbar 5,lumbar,Ab.LTMR,N2-RL5-165
N2-RL5-166,SeuratProject,130649,3137,3,N2,3,lumbar 5,lumbar,PEP.H0,N2-RL5-166
N2-RL5-167,SeuratProject,65753,5643,9,N2,3,lumbar 5,lumbar,PEP1.13,N2-RL5-167
N2-RL5-169,SeuratProject,108206,7215,5,N2,3,lumbar 5,lumbar,Ab.LTMR,N2-RL5-169
N2-RL5-170,SeuratProject,186568,10074,2,N2,3,lumbar 5,lumbar,Un.Gi,N2-RL5-170
N2-RL5-171,SeuratProject,71604,6106,12,N2,3,lumbar 5,lumbar,NP3,N2-RL5-171
N2-RL5-173,SeuratProject,107298,5871,7,N2,3,lumbar 5,lumbar,Ab.LTMR,N2-RL5-173
N2-RL5-174,SeuratProject,100650,7113,6,N2,3,lumbar 5,lumbar,PEP.H5,N2-RL5-174
N2-RL5-175,SeuratProject,307922,11680,0,N2,3,lumbar 5,lumbar,Propr,N2-RL5-175
N2-RL5-176,SeuratProject,402587,11948,8,N2,3,lumbar 5,lumbar,PEP.H4,N2-RL5-176
N2-RL5-177,SeuratProject,118797,2913,3,N2,3,lumbar 5,lumbar,PEP.H0,N2-RL5-177
N2-RL5-178,SeuratProject,103017,6641,14,N2,3,lumbar 5,lumbar,PEP3,N2-RL5-178
N2-RL5-179,SeuratProject,93086,3917,1,N2,3,lumbar 5,lumbar,NP1,N2-RL5-179
N2-RL5-180,SeuratProject,165363,5763,0,N2,3,lumbar 5,lumbar,Propr,N2-RL5-180
N2-RL5-181,SeuratProject,95838,5497,11,N2,3,lumbar 5,lumbar,Ad.LTMR,N2-RL5-181
N2-RL5-182,SeuratProject,106940,2995,3,N2,3,lumbar 5,lumbar,PEP.H0,N2-RL5-182
N2-RL5-183,SeuratProject,283548,10073,17,N2,3,lumbar 5,lumbar,TRPM8,N2-RL5-183
N2-RL5-184,SeuratProject,56006,3307,3,N2,3,lumbar 5,lumbar,PEP.H0,N2-RL5-184
N2-RL5-185,SeuratProject,104048,3991,3,N2,3,lumbar 5,lumbar,PEP.H0,N2-RL5-185
N2-RL5-186,SeuratProject,118634,7828,5,N2,3,lumbar 5,lumbar,Ab.LTMR,N2-RL5-186
N2-RL5-187,SeuratProject,101658,5896,0,N2,3,lumbar 5,lumbar,Propr,N2-RL5-187
N2-RL5-188,SeuratProject,84263,3424,3,N2,3,lumbar 5,lumbar,PEP.H0,N2-RL5-188
N2-RL5-189,SeuratProject,65141,5827,2,N2,3,lumbar 5,lumbar,PEP.H0,N2-RL5-189
N2-RL5-190,SeuratProject,82429,5226,9,N2,3,lumbar 5,lumbar,PEP1.13,N2-RL5-190
N2-RL5-191,SeuratProject,151997,5808,3,N2,3,lumbar 5,lumbar,PEP.H0,N2-RL5-191
N2-RL5-192,SeuratProject,138391,8321,0,N2,3,lumbar 5,lumbar,Propr,N2-RL5-192
N2-RL5-193,SeuratProject,91926,2567,3,N2,3,lumbar 5,lumbar,PEP.H0,N2-RL5-193
N2-RT12-1,SeuratProject,212169,10803,10,N2,1,thoracic 12,thoracic,NP1,N2-RT12-1
N2-RT12-2,SeuratProject,140858,5551,3,N2,1,thoracic 12,thoracic,PEP.H0,N2-RT12-2
N2-RT12-3,SeuratProject,142942,6600,0,N2,1,thoracic 12,thoracic,Propr,N2-RT12-3
N2-RT12-5,SeuratProject,131239,5173,3,N2,1,thoracic 12,thoracic,PEP.H0,N2-RT12-5
N2-RT12-6,SeuratProject,699065,13016,0,N2,1,thoracic 12,thoracic,Propr,N2-RT12-6
N2-RT12-7,SeuratProject,290521,11134,12,N2,1,thoracic 12,thoracic,NP3,N2-RT12-7
N2-RT12-8,SeuratProject,312123,11027,1,N2,1,thoracic 12,thoracic,NP1,N2-RT12-8
N2-RT12-9,SeuratProject,169089,8726,11,N2,1,thoracic 12,thoracic,Ad.LTMR,N2-RT12-9
N2-RT12-10,SeuratProject,145955,7166,11,N2,1,thoracic 12,thoracic,Ad.LTMR,N2-RT12-10
N2-RT12-11,SeuratProject,305157,8776,9,N2,1,thoracic 12,thoracic,PEP1.13,N2-RT12-11
N2-RT12-12,SeuratProject,451442,12811,13,N2,1,thoracic 12,thoracic,Ad.LTMR,N2-RT12-12
N2-RT12-14,SeuratProject,79676,7255,7,N2,1,thoracic 12,thoracic,Ab.LTMR,N2-RT12-14
N2-RT12-15,SeuratProject,61115,6449,4,N2,1,thoracic 12,thoracic,PEP.H8,N2-RT12-15
N2-RT12-16,SeuratProject,430342,12372,5,N2,1,thoracic 12,thoracic,Ab.LTMR,N2-RT12-16
N2-RT12-17,SeuratProject,209990,9737,4,N2,1,thoracic 12,thoracic,PEP.H8,N2-RT12-17
N2-RT12-20,SeuratProject,75454,7129,1,N2,1,thoracic 12,thoracic,NP1,N2-RT12-20
N2-RT12-21,SeuratProject,243546,9505,16,N2,1,thoracic 12,thoracic,NP2,N2-RT12-21
N2-RT12-22,SeuratProject,98885,6142,17,N2,1,thoracic 12,thoracic,C.LTMR,N2-RT12-22
N2-RT12-23,SeuratProject,102688,7615,7,N2,1,thoracic 12,thoracic,Ab.LTMR,N2-RT12-23
N2-RT12-24,SeuratProject,91314,7014,6,N2,1,thoracic 12,thoracic,PEP.H5,N2-RT12-24
N2-RT12-25,SeuratProject,83212,7172,6,N2,1,thoracic 12,thoracic,PEP.H5,N2-RT12-25
N2-RT12-26,SeuratProject,73488,7188,4,N2,1,thoracic 12,thoracic,PEP.H8,N2-RT12-26
N2-RT12-27,SeuratProject,247711,9808,5,N2,1,thoracic 12,thoracic,Ab.LTMR,N2-RT12-27
N2-RT12-28,SeuratProject,52768,5685,4,N2,1,thoracic 12,thoracic,PEP.H8,N2-RT12-28
N2-RT12-29,SeuratProject,118240,6991,7,N2,1,thoracic 12,thoracic,Ab.LTMR,N2-RT12-29
N2-RT12-30,SeuratProject,83405,8282,2,N2,1,thoracic 12,thoracic,PEP.H0,N2-RT12-30
N2-RT12-31,SeuratProject,68500,6746,6,N2,1,thoracic 12,thoracic,PEP.H5,N2-RT12-31
N2-RT12-32,SeuratProject,119198,6403,3,N2,1,thoracic 12,thoracic,Ab.LTMR,N2-RT12-32
N2-RT12-33,SeuratProject,281565,11161,13,N2,1,thoracic 12,thoracic,Ad.LTMR,N2-RT12-33
N2-RT12-34,SeuratProject,99562,7223,12,N2,1,thoracic 12,thoracic,NP3,N2-RT12-34
N2-RT12-35,SeuratProject,239941,10387,5,N2,1,thoracic 12,thoracic,Ab.LTMR,N2-RT12-35
N2-RT12-36,SeuratProject,54733,5994,2,N2,1,thoracic 12,thoracic,PEP.H0,N2-RT12-36
N2-RT12-38,SeuratProject,246557,10513,10,N2,1,thoracic 12,thoracic,NP1,N2-RT12-38
N2-RT12-39,SeuratProject,99289,7176,11,N2,1,thoracic 12,thoracic,Ad.LTMR,N2-RT12-39
N2-RT12-40,SeuratProject,277965,9336,1,N2,1,thoracic 12,thoracic,NP1,N2-RT12-40
N2-RT12-41,SeuratProject,70006,6569,11,N2,1,thoracic 12,thoracic,Ad.LTMR,N2-RT12-41
N2-RT12-42,SeuratProject,97974,6748,3,N2,1,thoracic 12,thoracic,PEP.H0,N2-RT12-42
N2-RT12-43,SeuratProject,322722,8111,6,N2,1,thoracic 12,thoracic,PEP.H5,N2-RT12-43
N2-RT12-44,SeuratProject,775828,10926,7,N2,1,thoracic 12,thoracic,Ab.LTMR,N2-RT12-44
N2-RT12-46,SeuratProject,381736,11104,6,N2,1,thoracic 12,thoracic,PEP.H5,N2-RT12-46
N2-RT12-47,SeuratProject,184720,7061,3,N2,1,thoracic 12,thoracic,Ab.LTMR,N2-RT12-47
N2-RT12-49,SeuratProject,123625,6605,3,N2,1,thoracic 12,thoracic,PEP.H0,N2-RT12-49
N2-RT12-50,SeuratProject,5020,2061,2,N2,1,thoracic 12,thoracic,PEP.H0,N2-RT12-50
N2-RT12-51,SeuratProject,420519,9075,4,N2,1,thoracic 12,thoracic,PEP.H8,N2-RT12-51
N2-RT12-52,SeuratProject,95946,6735,6,N2,1,thoracic 12,thoracic,PEP.H5,N2-RT12-52
N2-RT12-53,SeuratProject,91112,5966,7,N2,1,thoracic 12,thoracic,Ab.LTMR,N2-RT12-53
N2-RT12-54,SeuratProject,67126,4764,3,N2,1,thoracic 12,thoracic,PEP.H0,N2-RT12-54
N2-RT12-55,SeuratProject,143983,7369,7,N2,1,thoracic 12,thoracic,Ab.LTMR,N2-RT12-55
N2-RT12-56,SeuratProject,153683,7837,12,N2,1,thoracic 12,thoracic,NP3,N2-RT12-56
N2-RT12-57,SeuratProject,118576,6008,0,N2,1,thoracic 12,thoracic,Propr,N2-RT12-57
N2-RT12-58,SeuratProject,175509,10619,10,N2,1,thoracic 12,thoracic,NP1,N2-RT12-58
N2-RT12-59,SeuratProject,70517,6151,1,N2,1,thoracic 12,thoracic,NP1,N2-RT12-59
N2-RT12-60,SeuratProject,293461,11357,16,N2,1,thoracic 12,thoracic,NP2,N2-RT12-60
N2-RT12-61,SeuratProject,300485,11110,8,N2,1,thoracic 12,thoracic,PEP.H4,N2-RT12-61
N2-RT12-62,SeuratProject,80158,5866,2,N2,1,thoracic 12,thoracic,Un.Gi,N2-RT12-62
N2-RT12-63,SeuratProject,95886,7340,5,N2,1,thoracic 12,thoracic,Ab.LTMR,N2-RT12-63
N2-RT12-64,SeuratProject,114560,8044,1,N2,1,thoracic 12,thoracic,NP1,N2-RT12-64
N2-RT12-65,SeuratProject,214058,7317,12,N2,1,thoracic 12,thoracic,NP3,N2-RT12-65
N2-RT12-66,SeuratProject,112808,6593,11,N2,1,thoracic 12,thoracic,Ad.LTMR,N2-RT12-66
N2-RT12-67,SeuratProject,66640,6412,1,N2,1,thoracic 12,thoracic,NP1,N2-RT12-67
N2-RT12-68,SeuratProject,58959,6485,1,N2,1,thoracic 12,thoracic,NP1,N2-RT12-68
N2-RT12-69,SeuratProject,146630,8401,4,N2,1,thoracic 12,thoracic,PEP.H8,N2-RT12-69
N2-RT12-70,SeuratProject,86018,6988,11,N2,1,thoracic 12,thoracic,Ad.LTMR,N2-RT12-70
N2-RT12-71,SeuratProject,98320,7408,11,N2,1,thoracic 12,thoracic,Ad.LTMR,N2-RT12-71
N2-RT12-72,SeuratProject,92804,7525,0,N2,1,thoracic 12,thoracic,Propr,N2-RT12-72
N2-RT12-73,SeuratProject,145531,6333,3,N2,1,thoracic 12,thoracic,PEP.H0,N2-RT12-73
N2-RT12-74,SeuratProject,181029,8378,7,N2,1,thoracic 12,thoracic,Ab.LTMR,N2-RT12-74
N2-RT12-75,SeuratProject,186556,7592,12,N2,1,thoracic 12,thoracic,NP3,N2-RT12-75
N2-RT12-76,SeuratProject,116383,5806,7,N2,1,thoracic 12,thoracic,Ab.LTMR,N2-RT12-76
N2-RT12-77,SeuratProject,164097,9130,1,N2,1,thoracic 12,thoracic,NP1,N2-RT12-77
N2-RT12-78,SeuratProject,144768,9503,13,N2,1,thoracic 12,thoracic,Ad.LTMR,N2-RT12-78
N2-RT12-79,SeuratProject,168737,10306,12,N2,1,thoracic 12,thoracic,NP3,N2-RT12-79
N2-RT12-80,SeuratProject,72615,6288,3,N2,1,thoracic 12,thoracic,Ab.LTMR,N2-RT12-80
N2-RT12-81,SeuratProject,128050,8299,7,N2,1,thoracic 12,thoracic,Ab.LTMR,N2-RT12-81
N2-RT12-82,SeuratProject,66862,5123,3,N2,1,thoracic 12,thoracic,PEP.H0,N2-RT12-82
N2-RT12-83,SeuratProject,159843,7435,9,N2,1,thoracic 12,thoracic,PEP1.13,N2-RT12-83
N2-RT12-84,SeuratProject,418275,10853,12,N2,1,thoracic 12,thoracic,NP3,N2-RT12-84
N2-RT12-85,SeuratProject,101622,6001,3,N2,1,thoracic 12,thoracic,Ab.LTMR,N2-RT12-85
N2-RT12-86,SeuratProject,102181,4856,3,N2,1,thoracic 12,thoracic,PEP.H0,N2-RT12-86
N2-RT12-87,SeuratProject,97076,6474,7,N2,1,thoracic 12,thoracic,Ab.LTMR,N2-RT12-87
N2-RT12-88,SeuratProject,311232,10919,4,N2,1,thoracic 12,thoracic,PEP.H8,N2-RT12-88
N2-RT12-89,SeuratProject,161511,10318,10,N2,1,thoracic 12,thoracic,NP1,N2-RT12-89
N2-RT12-90,SeuratProject,202588,8138,2,N2,1,thoracic 12,thoracic,PEP.H0,N2-RT12-90
N2-RT12-91,SeuratProject,304749,11357,8,N2,1,thoracic 12,thoracic,PEP.H4,N2-RT12-91
N2-RT12-92,SeuratProject,346429,12112,6,N2,1,thoracic 12,thoracic,PEP.H5,N2-RT12-92
N2-RT12-93,SeuratProject,122505,5045,3,N2,1,thoracic 12,thoracic,PEP.H0,N2-RT12-93
N2-RT12-94,SeuratProject,282296,10643,5,N2,1,thoracic 12,thoracic,Ab.LTMR,N2-RT12-94
N2-RT12-95,SeuratProject,67081,6374,9,N2,1,thoracic 12,thoracic,PEP1.13,N2-RT12-95
N2-RT12-96,SeuratProject,1319704,13519,8,N2,1,thoracic 12,thoracic,PEP.H4,N2-RT12-96
N2-RT12-97,SeuratProject,306682,11899,15,N2,2,thoracic 12,thoracic,PEP.H4.15,N2-RT12-97
N2-RT12-98,SeuratProject,247520,11795,10,N2,2,thoracic 12,thoracic,NP1,N2-RT12-98
N2-RT12-99,SeuratProject,467161,13056,9,N2,2,thoracic 12,thoracic,PEP1.13,N2-RT12-99
N2-RT12-100,SeuratProject,462371,12865,13,N2,2,thoracic 12,thoracic,Ad.LTMR,N2-RT12-100
N2-RT12-101,SeuratProject,423399,12500,0,N2,2,thoracic 12,thoracic,Propr,N2-RT12-101
N2-RT12-102,SeuratProject,416167,11969,13,N2,2,thoracic 12,thoracic,Ad.LTMR,N2-RT12-102
N2-RT12-103,SeuratProject,100002,6329,2,N2,2,thoracic 12,thoracic,PEP.H0,N2-RT12-103
N2-RT12-104,SeuratProject,219051,9349,3,N2,2,thoracic 12,thoracic,TRPM8,N2-RT12-104
N2-RT12-105,SeuratProject,85966,7665,17,N2,2,thoracic 12,thoracic,C.LTMR,N2-RT12-105
N2-RT12-106,SeuratProject,193085,10510,10,N2,2,thoracic 12,thoracic,NP1,N2-RT12-106
N2-RT12-107,SeuratProject,291704,11125,12,N2,2,thoracic 12,thoracic,NP3,N2-RT12-107
N2-RT12-108,SeuratProject,124459,8609,14,N2,2,thoracic 12,thoracic,PEP3,N2-RT12-108
N2-RT12-109,SeuratProject,227747,11184,13,N2,2,thoracic 12,thoracic,Ad.LTMR,N2-RT12-109
N2-RT12-110,SeuratProject,139603,9995,16,N2,2,thoracic 12,thoracic,NP2,N2-RT12-110
N2-RT12-111,SeuratProject,232830,9346,2,N2,2,thoracic 12,thoracic,PEP.H0,N2-RT12-111
N2-RT12-112,SeuratProject,305574,11910,5,N2,2,thoracic 12,thoracic,Ab.LTMR,N2-RT12-112
N2-RT12-113,SeuratProject,110646,8373,6,N2,2,thoracic 12,thoracic,PEP.H5,N2-RT12-113
N2-RT12-114,SeuratProject,194708,11045,10,N2,2,thoracic 12,thoracic,NP1,N2-RT12-114
N2-RT12-115,SeuratProject,409903,11537,4,N2,2,thoracic 12,thoracic,PEP.H8,N2-RT12-115
N2-RT12-116,SeuratProject,346062,11692,6,N2,2,thoracic 12,thoracic,PEP.H5,N2-RT12-116
N2-RT12-117,SeuratProject,454228,11670,10,N2,2,thoracic 12,thoracic,NP1,N2-RT12-117
N2-RT12-118,SeuratProject,190724,8185,12,N2,2,thoracic 12,thoracic,NP3,N2-RT12-118
N2-RT12-119,SeuratProject,130742,8184,7,N2,2,thoracic 12,thoracic,Ab.LTMR,N2-RT12-119
N2-RT12-120,SeuratProject,318635,11455,8,N2,2,thoracic 12,thoracic,PEP.H4,N2-RT12-120
N2-RT12-121,SeuratProject,225407,10495,15,N2,2,thoracic 12,thoracic,PEP.H4.15,N2-RT12-121
N2-RT12-122,SeuratProject,168504,10204,10,N2,2,thoracic 12,thoracic,NP1,N2-RT12-122
N2-RT12-123,SeuratProject,106792,6819,12,N2,2,thoracic 12,thoracic,NP3,N2-RT12-123
N2-RT12-124,SeuratProject,97957,8474,12,N2,2,thoracic 12,thoracic,NP3,N2-RT12-124
N2-RT12-125,SeuratProject,224384,11402,16,N2,2,thoracic 12,thoracic,NP2,N2-RT12-125
N2-RT12-126,SeuratProject,185919,9613,0,N2,2,thoracic 12,thoracic,Propr,N2-RT12-126
N2-RT12-127,SeuratProject,287348,10655,9,N2,2,thoracic 12,thoracic,PEP1.13,N2-RT12-127
N2-RT12-128,SeuratProject,97369,7438,7,N2,2,thoracic 12,thoracic,Ab.LTMR,N2-RT12-128
N2-RT12-129,SeuratProject,251294,11225,9,N2,3,thoracic 12,thoracic,PEP1.13,N2-RT12-129
N2-RT12-130,SeuratProject,84575,7903,7,N2,3,thoracic 12,thoracic,Ab.LTMR,N2-RT12-130
N2-RT12-131,SeuratProject,327630,11338,0,N2,3,thoracic 12,thoracic,Propr,N2-RT12-131
N2-RT12-132,SeuratProject,199621,10957,12,N2,3,thoracic 12,thoracic,NP3,N2-RT12-132
N2-RT12-133,SeuratProject,56653,6251,1,N2,3,thoracic 12,thoracic,NP1,N2-RT12-133
N2-RT12-134,SeuratProject,228881,11288,15,N2,3,thoracic 12,thoracic,PEP.H4.15,N2-RT12-134
N2-RT12-135,SeuratProject,292097,11762,0,N2,3,thoracic 12,thoracic,Propr,N2-RT12-135
N2-RT12-136,SeuratProject,65888,7551,1,N2,3,thoracic 12,thoracic,NP1,N2-RT12-136
N2-RT12-137,SeuratProject,187799,10915,12,N2,3,thoracic 12,thoracic,NP3,N2-RT12-137
N2-RT12-138,SeuratProject,73713,7723,0,N2,3,thoracic 12,thoracic,Propr,N2-RT12-138
N2-RT12-139,SeuratProject,171466,10894,13,N2,3,thoracic 12,thoracic,Ad.LTMR,N2-RT12-139
N2-RT12-140,SeuratProject,264428,10608,0,N2,3,thoracic 12,thoracic,Propr,N2-RT12-140
N2-RT12-141,SeuratProject,63185,6479,7,N2,3,thoracic 12,thoracic,Ab.LTMR,N2-RT12-141
N2-RT12-142,SeuratProject,107586,8578,1,N2,3,thoracic 12,thoracic,NP1,N2-RT12-142
N2-RT12-143,SeuratProject,225551,8740,5,N2,3,thoracic 12,thoracic,Ab.LTMR,N2-RT12-143
N2-RT12-144,SeuratProject,118223,7026,6,N2,3,thoracic 12,thoracic,PEP.H5,N2-RT12-144
N2-RT12-145,SeuratProject,122221,8777,1,N2,3,thoracic 12,thoracic,NP1,N2-RT12-145
N2-RT12-146,SeuratProject,258330,10096,8,N2,3,thoracic 12,thoracic,PEP.H4,N2-RT12-146
N2-RT12-147,SeuratProject,120910,8325,4,N2,3,thoracic 12,thoracic,PEP.H8,N2-RT12-147
N2-RT12-148,SeuratProject,323464,11221,5,N2,3,thoracic 12,thoracic,Ab.LTMR,N2-RT12-148
N2-RT12-149,SeuratProject,1268322,14051,5,N2,3,thoracic 12,thoracic,Ab.LTMR,N2-RT12-149
N2-RT12-150,SeuratProject,152642,7474,7,N2,3,thoracic 12,thoracic,Ab.LTMR,N2-RT12-150
N2-RT12-151,SeuratProject,138681,7650,6,N2,3,thoracic 12,thoracic,PEP.H5,N2-RT12-151
N2-RT12-152,SeuratProject,149663,6269,11,N2,3,thoracic 12,thoracic,Ad.LTMR,N2-RT12-152
N2-RT12-153,SeuratProject,127288,8232,5,N2,3,thoracic 12,thoracic,Ab.LTMR,N2-RT12-153
N2-RT12-154,SeuratProject,374135,11328,5,N2,3,thoracic 12,thoracic,Ab.LTMR,N2-RT12-154
N2-RT12-155,SeuratProject,172009,8822,4,N2,3,thoracic 12,thoracic,PEP.H8,N2-RT12-155
N2-RT12-156,SeuratProject,66753,6674,4,N2,3,thoracic 12,thoracic,PEP.H8,N2-RT12-156
N2-RT12-158,SeuratProject,86868,7943,1,N2,3,thoracic 12,thoracic,NP1,N2-RT12-158
N2-RT12-159,SeuratProject,310380,11599,5,N2,3,thoracic 12,thoracic,Ab.LTMR,N2-RT12-159
N2-RT12-160,SeuratProject,221453,10745,6,N2,3,thoracic 12,thoracic,PEP.H5,N2-RT12-160
N2-RT12-161,SeuratProject,229738,10494,13,N2,3,thoracic 12,thoracic,Ad.LTMR,N2-RT12-161
N2-RT12-162,SeuratProject,165754,10295,6,N2,3,thoracic 12,thoracic,PEP.H5,N2-RT12-162
N2-RT12-163,SeuratProject,142792,8400,0,N2,3,thoracic 12,thoracic,Propr,N2-RT12-163
N2-RT12-164,SeuratProject,122193,9815,10,N2,3,thoracic 12,thoracic,NP1,N2-RT12-164
N2-RT12-165,SeuratProject,234125,8558,0,N2,3,thoracic 12,thoracic,Propr,N2-RT12-165
N2-RT12-166,SeuratProject,155326,6827,7,N2,3,thoracic 12,thoracic,Ab.LTMR,N2-RT12-166
N2-RT12-167,SeuratProject,105954,7002,7,N2,3,thoracic 12,thoracic,Ab.LTMR,N2-RT12-167
N2-RT12-168,SeuratProject,204607,9960,0,N2,3,thoracic 12,thoracic,Propr,N2-RT12-168
N2-RT12-169,SeuratProject,100038,9348,4,N2,3,thoracic 12,thoracic,PEP.H8,N2-RT12-169
N2-RT12-170,SeuratProject,175658,11071,15,N2,3,thoracic 12,thoracic,PEP.H4.15,N2-RT12-170
N2-RT12-171,SeuratProject,386504,12949,5,N2,3,thoracic 12,thoracic,Ab.LTMR,N2-RT12-171
N2-RT12-172,SeuratProject,279488,11372,5,N2,3,thoracic 12,thoracic,Ab.LTMR,N2-RT12-172
N2-RT12-173,SeuratProject,245274,11090,8,N2,3,thoracic 12,thoracic,PEP.H4,N2-RT12-173
N2-RT12-174,SeuratProject,221854,10537,16,N2,3,thoracic 12,thoracic,NP2,N2-RT12-174
N2-RT12-175,SeuratProject,161280,8567,0,N2,3,thoracic 12,thoracic,Propr,N2-RT12-175
N2-RT12-176,SeuratProject,297781,10865,5,N2,3,thoracic 12,thoracic,Ab.LTMR,N2-RT12-176
N2-RT12-177,SeuratProject,127786,9199,0,N2,3,thoracic 12,thoracic,Propr,N2-RT12-177
N2-RT12-178,SeuratProject,86223,7709,11,N2,3,thoracic 12,thoracic,Ad.LTMR,N2-RT12-178
N2-RT12-179,SeuratProject,116050,9389,16,N2,3,thoracic 12,thoracic,NP2,N2-RT12-179
N2-RT12-180,SeuratProject,123117,7541,0,N2,3,thoracic 12,thoracic,Propr,N2-RT12-180
N2-RT12-181,SeuratProject,155860,9411,0,N2,3,thoracic 12,thoracic,Un.Gi,N2-RT12-181
N2-RT12-182,SeuratProject,91049,7652,0,N2,3,thoracic 12,thoracic,Propr,N2-RT12-182
N2-RT12-183,SeuratProject,125246,8275,14,N2,3,thoracic 12,thoracic,PEP3,N2-RT12-183
N2-RT12-184,SeuratProject,107712,6322,12,N2,3,thoracic 12,thoracic,NP3,N2-RT12-184
N2-RT12-185,SeuratProject,98746,6606,9,N2,3,thoracic 12,thoracic,PEP1.13,N2-RT12-185
N2-RT12-186,SeuratProject,126120,7063,9,N2,3,thoracic 12,thoracic,PEP1.13,N2-RT12-186
N2-RT12-188,SeuratProject,174506,8571,1,N2,3,thoracic 12,thoracic,NP1,N2-RT12-188
N2-RT12-189,SeuratProject,243081,5394,12,N2,3,thoracic 12,thoracic,NP3,N2-RT12-189
N2-RT12-190,SeuratProject,164893,7009,12,N2,3,thoracic 12,thoracic,NP3,N2-RT12-190
N2-RT12-191,SeuratProject,168579,9589,1,N2,3,thoracic 12,thoracic,NP1,N2-RT12-191
N2-RT12-192,SeuratProject,206329,10627,7,N2,3,thoracic 12,thoracic,Ab.LTMR,N2-RT12-192
N3-RL2-1,SeuratProject,51533,6946,6,N3,1,lumbar 2,lumbar,PEP.H5,N3-RL2-1
N3-RL2-2,SeuratProject,132442,8861,4,N3,1,lumbar 2,lumbar,PEP.H8,N3-RL2-2
N3-RL2-3,SeuratProject,37384,5498,9,N3,1,lumbar 2,lumbar,PEP1.13,N3-RL2-3
N3-RL2-4,SeuratProject,64541,6260,2,N3,1,lumbar 2,lumbar,PEP.H0,N3-RL2-4
N3-RL2-5,SeuratProject,167742,8761,4,N3,1,lumbar 2,lumbar,PEP.H8,N3-RL2-5
N3-RL2-6,SeuratProject,114407,7532,2,N3,1,lumbar 2,lumbar,PEP.H0,N3-RL2-6
N3-RL2-7,SeuratProject,139175,8877,11,N3,1,lumbar 2,lumbar,Ad.LTMR,N3-RL2-7
N3-RL2-8,SeuratProject,220899,11412,4,N3,1,lumbar 2,lumbar,PEP.H8,N3-RL2-8
N3-RL2-9,SeuratProject,367254,12511,12,N3,1,lumbar 2,lumbar,NP3,N3-RL2-9
N3-RL2-10,SeuratProject,124530,8444,5,N3,1,lumbar 2,lumbar,Ab.LTMR,N3-RL2-10
N3-RL2-11,SeuratProject,143215,7495,2,N3,1,lumbar 2,lumbar,PEP.H0,N3-RL2-11
N3-RL2-12,SeuratProject,39190,6243,2,N3,1,lumbar 2,lumbar,PEP.H0,N3-RL2-12
N3-RL2-14,SeuratProject,148536,6986,2,N3,1,lumbar 2,lumbar,PEP.H0,N3-RL2-14
N3-RL2-15,SeuratProject,219644,7317,11,N3,1,lumbar 2,lumbar,Ad.LTMR,N3-RL2-15
N3-RL2-16,SeuratProject,218478,11590,10,N3,1,lumbar 2,lumbar,NP1,N3-RL2-16
N3-RL2-17,SeuratProject,101450,7015,4,N3,1,lumbar 2,lumbar,PEP.H8,N3-RL2-17
N3-RL2-18,SeuratProject,111356,7523,2,N3,1,lumbar 2,lumbar,PEP.H0,N3-RL2-18
N3-RL2-20,SeuratProject,183493,9066,4,N3,1,lumbar 2,lumbar,PEP.H8,N3-RL2-20
N3-RL2-21,SeuratProject,37300,4909,2,N3,1,lumbar 2,lumbar,PEP.H0,N3-RL2-21
N3-RL2-22,SeuratProject,240732,9014,13,N3,1,lumbar 2,lumbar,Ad.LTMR,N3-RL2-22
N3-RL2-23,SeuratProject,216251,8571,11,N3,1,lumbar 2,lumbar,Ad.LTMR,N3-RL2-23
N3-RL2-25,SeuratProject,238766,9031,2,N3,1,lumbar 2,lumbar,PEP.H0,N3-RL2-25
N3-RL2-28,SeuratProject,30275,5143,6,N3,1,lumbar 2,lumbar,PEP.H5,N3-RL2-28
N3-RL2-29,SeuratProject,37948,6334,16,N3,1,lumbar 2,lumbar,NP2,N3-RL2-29
N3-RL2-30,SeuratProject,311250,8830,4,N3,1,lumbar 2,lumbar,PEP.H8,N3-RL2-30
N3-RL2-31,SeuratProject,111822,8389,2,N3,1,lumbar 2,lumbar,PEP.H0,N3-RL2-31
N3-RL2-32,SeuratProject,59350,5831,1,N3,1,lumbar 2,lumbar,NP1,N3-RL2-32
N3-RL2-33,SeuratProject,45797,6888,7,N3,1,lumbar 2,lumbar,Ab.LTMR,N3-RL2-33
N3-RL2-34,SeuratProject,94551,7296,2,N3,1,lumbar 2,lumbar,PEP.H0,N3-RL2-34
N3-RL2-35,SeuratProject,221606,8982,6,N3,1,lumbar 2,lumbar,PEP.H5,N3-RL2-35
N3-RL2-36,SeuratProject,69608,7124,1,N3,1,lumbar 2,lumbar,NP1,N3-RL2-36
N3-RL2-37,SeuratProject,257734,6862,3,N3,1,lumbar 2,lumbar,PEP.H0,N3-RL2-37
N3-RL2-38,SeuratProject,199330,8042,9,N3,1,lumbar 2,lumbar,PEP1.13,N3-RL2-38
N3-RL2-39,SeuratProject,179445,8802,1,N3,1,lumbar 2,lumbar,NP1,N3-RL2-39
N3-RL2-40,SeuratProject,231616,10045,1,N3,1,lumbar 2,lumbar,NP1,N3-RL2-40
N3-RL2-41,SeuratProject,310907,8984,6,N3,1,lumbar 2,lumbar,PEP.H5,N3-RL2-41
N3-RL2-42,SeuratProject,127856,7851,1,N3,1,lumbar 2,lumbar,NP1,N3-RL2-42
N3-RL2-43,SeuratProject,404346,12101,5,N3,1,lumbar 2,lumbar,Ab.LTMR,N3-RL2-43
N3-RL2-44,SeuratProject,191921,9145,16,N3,1,lumbar 2,lumbar,NP2,N3-RL2-44
N3-RL2-45,SeuratProject,237445,8101,2,N3,1,lumbar 2,lumbar,PEP.H0,N3-RL2-45
N3-RL2-46,SeuratProject,330751,10260,7,N3,1,lumbar 2,lumbar,Ab.LTMR,N3-RL2-46
N3-RL2-47,SeuratProject,374018,9507,2,N3,1,lumbar 2,lumbar,PEP.H0,N3-RL2-47
N3-RL2-48,SeuratProject,227035,7410,6,N3,1,lumbar 2,lumbar,PEP.H5,N3-RL2-48
N3-RL2-49,SeuratProject,191067,8220,6,N3,1,lumbar 2,lumbar,PEP.H5,N3-RL2-49
N3-RL2-50,SeuratProject,464733,12438,13,N3,1,lumbar 2,lumbar,Ad.LTMR,N3-RL2-50
N3-RL2-51,SeuratProject,124796,6368,2,N3,1,lumbar 2,lumbar,PEP.H0,N3-RL2-51
N3-RL2-52,SeuratProject,206446,7534,4,N3,1,lumbar 2,lumbar,PEP.H8,N3-RL2-52
N3-RL2-53,SeuratProject,136181,8019,1,N3,1,lumbar 2,lumbar,NP1,N3-RL2-53
N3-RL2-56,SeuratProject,185455,7472,6,N3,1,lumbar 2,lumbar,PEP.H5,N3-RL2-56
N3-RL2-57,SeuratProject,91002,7782,6,N3,1,lumbar 2,lumbar,PEP.H5,N3-RL2-57
N3-RL2-58,SeuratProject,83728,7368,10,N3,1,lumbar 2,lumbar,NP1,N3-RL2-58
N3-RL2-59,SeuratProject,196822,8936,6,N3,1,lumbar 2,lumbar,PEP.H5,N3-RL2-59
N3-RL2-60,SeuratProject,203850,8583,1,N3,1,lumbar 2,lumbar,NP1,N3-RL2-60
N3-RL2-61,SeuratProject,257801,7534,2,N3,1,lumbar 2,lumbar,PEP.H0,N3-RL2-61
N3-RL2-62,SeuratProject,148543,8187,1,N3,1,lumbar 2,lumbar,NP1,N3-RL2-62
N3-RL2-63,SeuratProject,368000,10228,15,N3,1,lumbar 2,lumbar,PEP.H4.15,N3-RL2-63
N3-RL2-64,SeuratProject,648545,13448,8,N3,1,lumbar 2,lumbar,PEP.H4,N3-RL2-64
N3-RL2-65,SeuratProject,600704,12239,8,N3,1,lumbar 2,lumbar,PEP.H4,N3-RL2-65
N3-RL2-66,SeuratProject,306201,7985,2,N3,1,lumbar 2,lumbar,PEP.H0,N3-RL2-66
N3-RL2-67,SeuratProject,361025,13266,8,N3,1,lumbar 2,lumbar,PEP.H4,N3-RL2-67
N3-RL2-68,SeuratProject,593785,11957,0,N3,1,lumbar 2,lumbar,Propr,N3-RL2-68
N3-RL2-69,SeuratProject,566717,11255,6,N3,1,lumbar 2,lumbar,PEP.H5,N3-RL2-69
N3-RL2-70,SeuratProject,333336,9374,4,N3,1,lumbar 2,lumbar,PEP.H8,N3-RL2-70
N3-RL2-71,SeuratProject,215852,7902,11,N3,1,lumbar 2,lumbar,Ad.LTMR,N3-RL2-71
N3-RL2-72,SeuratProject,221963,9487,0,N3,1,lumbar 2,lumbar,Propr,N3-RL2-72
N3-RL2-74,SeuratProject,296814,11202,10,N3,1,lumbar 2,lumbar,NP1,N3-RL2-74
N3-RL2-75,SeuratProject,195721,8340,6,N3,1,lumbar 2,lumbar,PEP.H5,N3-RL2-75
N3-RL2-77,SeuratProject,238539,8508,11,N3,1,lumbar 2,lumbar,Ad.LTMR,N3-RL2-77
N3-RL2-78,SeuratProject,324466,12020,10,N3,1,lumbar 2,lumbar,NP1,N3-RL2-78
N3-RL2-79,SeuratProject,195556,11128,10,N3,1,lumbar 2,lumbar,NP1,N3-RL2-79
N3-RL2-82,SeuratProject,198909,7470,12,N3,1,lumbar 2,lumbar,NP3,N3-RL2-82
N3-RL2-83,SeuratProject,165366,7866,12,N3,1,lumbar 2,lumbar,NP3,N3-RL2-83
N3-RL2-84,SeuratProject,411456,11952,15,N3,1,lumbar 2,lumbar,PEP.H4.15,N3-RL2-84
N3-RL2-85,SeuratProject,309385,10601,10,N3,1,lumbar 2,lumbar,NP1,N3-RL2-85
N3-RL2-86,SeuratProject,151883,7404,4,N3,1,lumbar 2,lumbar,PEP.H8,N3-RL2-86
N3-RL2-87,SeuratProject,222967,8565,4,N3,1,lumbar 2,lumbar,PEP.H8,N3-RL2-87
N3-RL2-88,SeuratProject,551529,12750,13,N3,1,lumbar 2,lumbar,Ad.LTMR,N3-RL2-88
N3-RL2-90,SeuratProject,291225,11397,10,N3,1,lumbar 2,lumbar,NP1,N3-RL2-90
N3-RL2-91,SeuratProject,147735,7952,6,N3,1,lumbar 2,lumbar,PEP.H5,N3-RL2-91
N3-RL2-92,SeuratProject,105492,8306,4,N3,1,lumbar 2,lumbar,PEP.H8,N3-RL2-92
N3-RL2-93,SeuratProject,229195,10388,8,N3,2,lumbar 2,lumbar,PEP.H4,N3-RL2-93
N3-RL2-94,SeuratProject,127607,5993,9,N3,2,lumbar 2,lumbar,PEP1.13,N3-RL2-94
N3-RL2-95,SeuratProject,160992,6861,6,N3,2,lumbar 2,lumbar,PEP.H5,N3-RL2-95
N3-RL2-96,SeuratProject,140430,6955,14,N3,2,lumbar 2,lumbar,PEP3,N3-RL2-96
N3-RL2-97,SeuratProject,98542,7421,1,N3,2,lumbar 2,lumbar,NP1,N3-RL2-97
N3-RL2-98,SeuratProject,116439,4798,0,N3,2,lumbar 2,lumbar,Propr,N3-RL2-98
N3-RL2-99,SeuratProject,140921,7516,6,N3,2,lumbar 2,lumbar,PEP.H5,N3-RL2-99
N3-RL2-100,SeuratProject,93246,6226,2,N3,2,lumbar 2,lumbar,PEP.H0,N3-RL2-100
N3-RL2-101,SeuratProject,168669,9011,0,N3,2,lumbar 2,lumbar,Propr,N3-RL2-101
N3-RL2-102,SeuratProject,250847,10646,8,N3,2,lumbar 2,lumbar,PEP.H4,N3-RL2-102
N3-RL2-103,SeuratProject,247820,11897,8,N3,2,lumbar 2,lumbar,PEP.H4,N3-RL2-103
N3-RL2-105,SeuratProject,124775,5431,6,N3,2,lumbar 2,lumbar,PEP.H5,N3-RL2-105
N3-RL2-107,SeuratProject,76894,2692,3,N3,2,lumbar 2,lumbar,PEP.H0,N3-RL2-107
N3-RL2-108,SeuratProject,102953,4216,5,N3,2,lumbar 2,lumbar,Ab.LTMR,N3-RL2-108
N3-RL2-109,SeuratProject,134925,7197,14,N3,2,lumbar 2,lumbar,PEP3,N3-RL2-109
N3-RL2-110,SeuratProject,136633,2832,3,N3,2,lumbar 2,lumbar,PEP.H0,N3-RL2-110
N3-RL2-111,SeuratProject,204368,8540,16,N3,2,lumbar 2,lumbar,NP2,N3-RL2-111
N3-RL2-113,SeuratProject,193907,4269,6,N3,2,lumbar 2,lumbar,PEP.H5,N3-RL2-113
N3-RL2-114,SeuratProject,172319,8206,1,N3,2,lumbar 2,lumbar,NP1,N3-RL2-114
N3-RL2-115,SeuratProject,141754,6732,4,N3,2,lumbar 2,lumbar,PEP.H8,N3-RL2-115
N3-RL2-117,SeuratProject,186829,9994,18,N3,2,lumbar 2,lumbar,Un.Gi,N3-RL2-117
N3-RL2-118,SeuratProject,94487,4460,2,N3,2,lumbar 2,lumbar,PEP.H0,N3-RL2-118
N3-RL2-119,SeuratProject,109309,6040,14,N3,2,lumbar 2,lumbar,PEP3,N3-RL2-119
N3-RL2-120,SeuratProject,83634,5600,6,N3,2,lumbar 2,lumbar,PEP.H5,N3-RL2-120
N3-RL2-121,SeuratProject,394773,11426,4,N3,2,lumbar 2,lumbar,PEP.H8,N3-RL2-121
N3-RL2-123,SeuratProject,146102,7035,6,N3,2,lumbar 2,lumbar,PEP.H5,N3-RL2-123
N3-RL2-124,SeuratProject,138628,5033,0,N3,2,lumbar 2,lumbar,Propr,N3-RL2-124
N3-RL2-125,SeuratProject,139341,5079,2,N3,3,lumbar 2,lumbar,PEP.H0,N3-RL2-125
N3-RL2-126,SeuratProject,51699,5929,5,N3,3,lumbar 2,lumbar,Ab.LTMR,N3-RL2-126
N3-RL2-127,SeuratProject,156981,8637,1,N3,3,lumbar 2,lumbar,NP1,N3-RL2-127
N3-RL2-128,SeuratProject,192879,8051,10,N3,3,lumbar 2,lumbar,NP1,N3-RL2-128
N3-RL2-129,SeuratProject,158912,5961,2,N3,3,lumbar 2,lumbar,PEP.H0,N3-RL2-129
N3-RL2-130,SeuratProject,175350,6244,2,N3,3,lumbar 2,lumbar,PEP.H0,N3-RL2-130
N3-RL2-131,SeuratProject,190574,7552,2,N3,3,lumbar 2,lumbar,PEP.H0,N3-RL2-131
N3-RL2-132,SeuratProject,150356,7810,6,N3,3,lumbar 2,lumbar,PEP.H5,N3-RL2-132
N3-RL2-133,SeuratProject,380251,11719,6,N3,3,lumbar 2,lumbar,PEP.H5,N3-RL2-133
N3-RL2-134,SeuratProject,213824,6767,7,N3,3,lumbar 2,lumbar,Ab.LTMR,N3-RL2-134
N3-RL2-135,SeuratProject,163324,5890,2,N3,3,lumbar 2,lumbar,PEP.H0,N3-RL2-135
N3-RL2-136,SeuratProject,255090,8585,10,N3,3,lumbar 2,lumbar,NP1,N3-RL2-136
N3-RL2-137,SeuratProject,352651,10915,1,N3,3,lumbar 2,lumbar,NP1,N3-RL2-137
N3-RL2-138,SeuratProject,91038,5888,2,N3,3,lumbar 2,lumbar,PEP.H0,N3-RL2-138
N3-RL2-139,SeuratProject,282848,9770,8,N3,3,lumbar 2,lumbar,PEP.H4,N3-RL2-139
N3-RL2-140,SeuratProject,200063,8627,0,N3,3,lumbar 2,lumbar,Propr,N3-RL2-140
N3-RL2-142,SeuratProject,86294,6347,9,N3,3,lumbar 2,lumbar,PEP1.13,N3-RL2-142
N3-RL2-143,SeuratProject,193600,4331,2,N3,3,lumbar 2,lumbar,PEP.H0,N3-RL2-143
N3-RL2-144,SeuratProject,240220,9150,0,N3,3,lumbar 2,lumbar,Propr,N3-RL2-144
N3-RL2-145,SeuratProject,133486,10175,1,N3,3,lumbar 2,lumbar,NP1,N3-RL2-145
N3-RL2-146,SeuratProject,142003,5913,9,N3,3,lumbar 2,lumbar,PEP1.13,N3-RL2-146
N3-RL2-147,SeuratProject,91912,4248,2,N3,3,lumbar 2,lumbar,PEP.H0,N3-RL2-147
N3-RL2-148,SeuratProject,146067,7421,13,N3,3,lumbar 2,lumbar,Ad.LTMR,N3-RL2-148
N3-RL2-149,SeuratProject,75660,2624,3,N3,3,lumbar 2,lumbar,PEP.H0,N3-RL2-149
N3-RL2-150,SeuratProject,152338,7867,12,N3,3,lumbar 2,lumbar,NP3,N3-RL2-150
N3-RL2-151,SeuratProject,173245,6708,12,N3,3,lumbar 2,lumbar,NP3,N3-RL2-151
N3-RL2-152,SeuratProject,152435,7721,2,N3,3,lumbar 2,lumbar,PEP.H0,N3-RL2-152
N3-RL2-153,SeuratProject,214099,8685,7,N3,3,lumbar 2,lumbar,Ab.LTMR,N3-RL2-153
N3-RL2-154,SeuratProject,353708,11184,10,N3,3,lumbar 2,lumbar,NP1,N3-RL2-154
N3-RL2-155,SeuratProject,158737,8244,6,N3,3,lumbar 2,lumbar,PEP.H5,N3-RL2-155
N3-RL2-156,SeuratProject,389526,12164,5,N3,3,lumbar 2,lumbar,Ab.LTMR,N3-RL2-156
N3-RL2-157,SeuratProject,114864,6991,9,N3,3,lumbar 2,lumbar,PEP1.13,N3-RL2-157
N3-RL2-158,SeuratProject,120631,5036,2,N3,3,lumbar 2,lumbar,PEP.H0,N3-RL2-158
N3-RL2-159,SeuratProject,107256,5668,1,N3,3,lumbar 2,lumbar,NP1,N3-RL2-159
N3-RL2-160,SeuratProject,141783,5041,2,N3,3,lumbar 2,lumbar,PEP.H0,N3-RL2-160
N3-RL2-161,SeuratProject,165993,6124,6,N3,3,lumbar 2,lumbar,PEP.H5,N3-RL2-161
N3-RL2-162,SeuratProject,153170,5070,3,N3,3,lumbar 2,lumbar,Ab.LTMR,N3-RL2-162
N3-RL2-163,SeuratProject,144477,4313,3,N3,3,lumbar 2,lumbar,PEP.H0,N3-RL2-163
N3-RL2-164,SeuratProject,181281,6309,5,N3,3,lumbar 2,lumbar,Ab.LTMR,N3-RL2-164
N3-RL2-165,SeuratProject,163186,6348,11,N3,3,lumbar 2,lumbar,Ad.LTMR,N3-RL2-165
N3-RL2-166,SeuratProject,259553,9223,11,N3,3,lumbar 2,lumbar,Ad.LTMR,N3-RL2-166
N3-RL2-167,SeuratProject,194477,6460,14,N3,3,lumbar 2,lumbar,PEP3,N3-RL2-167
N3-RL2-168,SeuratProject,339202,10236,7,N3,3,lumbar 2,lumbar,Ab.LTMR,N3-RL2-168
N3-RL2-169,SeuratProject,276226,11320,10,N3,3,lumbar 2,lumbar,NP1,N3-RL2-169
N3-RL2-170,SeuratProject,175060,6997,11,N3,3,lumbar 2,lumbar,Ad.LTMR,N3-RL2-170
N3-RL2-171,SeuratProject,283270,9988,9,N3,3,lumbar 2,lumbar,TRPM8,N3-RL2-171
N3-RL2-172,SeuratProject,276519,5791,2,N3,3,lumbar 2,lumbar,PEP.H0,N3-RL2-172
N3-RL2-173,SeuratProject,155474,8110,14,N3,3,lumbar 2,lumbar,PEP3,N3-RL2-173
N3-RL2-174,SeuratProject,126173,4894,3,N3,3,lumbar 2,lumbar,TRPM8,N3-RL2-174
N3-RL2-175,SeuratProject,119514,6680,2,N3,3,lumbar 2,lumbar,PEP.H0,N3-RL2-175
N3-RL2-176,SeuratProject,128368,8702,10,N3,3,lumbar 2,lumbar,NP1,N3-RL2-176
N3-RL2-177,SeuratProject,132447,6367,1,N3,3,lumbar 2,lumbar,NP1,N3-RL2-177
N3-RL2-178,SeuratProject,103453,5997,9,N3,3,lumbar 2,lumbar,PEP1.13,N3-RL2-178
N3-RL2-179,SeuratProject,246991,10572,15,N3,3,lumbar 2,lumbar,PEP.H4.15,N3-RL2-179
N3-RL2-180,SeuratProject,201650,8171,4,N3,3,lumbar 2,lumbar,PEP.H8,N3-RL2-180
N3-RL2-181,SeuratProject,154716,5890,2,N3,3,lumbar 2,lumbar,PEP.H0,N3-RL2-181
N3-RL2-182,SeuratProject,331765,9336,8,N3,3,lumbar 2,lumbar,PEP.H4,N3-RL2-182
N3-RL2-183,SeuratProject,123619,5413,2,N3,3,lumbar 2,lumbar,PEP.H0,N3-RL2-183
N3-RL2-184,SeuratProject,166802,9118,10,N3,3,lumbar 2,lumbar,NP1,N3-RL2-184
N3-RL2-185,SeuratProject,183830,7479,18,N3,3,lumbar 2,lumbar,Un.Gi,N3-RL2-185
N3-RL2-186,SeuratProject,320539,10625,8,N3,3,lumbar 2,lumbar,PEP.H4,N3-RL2-186
N3-RL2-187,SeuratProject,239187,11267,10,N3,3,lumbar 2,lumbar,NP1,N3-RL2-187
N3-RL2-188,SeuratProject,533334,13270,5,N3,3,lumbar 2,lumbar,Ab.LTMR,N3-RL2-188
N3-RT11-1,SeuratProject,135278,8044,6,N3,1,thoracic 11,thoracic,PEP.H5,N3-RT11-1
N3-RT11-2,SeuratProject,92979,8743,10,N3,1,thoracic 11,thoracic,NP1,N3-RT11-2
N3-RT11-3,SeuratProject,121469,7809,7,N3,1,thoracic 11,thoracic,Ab.LTMR,N3-RT11-3
N3-RT11-4,SeuratProject,106317,8217,1,N3,1,thoracic 11,thoracic,NP1,N3-RT11-4
N3-RT11-5,SeuratProject,126223,7776,7,N3,1,thoracic 11,thoracic,Un.Gi,N3-RT11-5
N3-RT11-6,SeuratProject,121695,6482,7,N3,1,thoracic 11,thoracic,Ab.LTMR,N3-RT11-6
N3-RT11-7,SeuratProject,111132,7652,1,N3,1,thoracic 11,thoracic,NP1,N3-RT11-7
N3-RT11-8,SeuratProject,149793,8052,12,N3,1,thoracic 11,thoracic,NP3,N3-RT11-8
N3-RT11-9,SeuratProject,105490,6308,12,N3,1,thoracic 11,thoracic,NP3,N3-RT11-9
N3-RT11-10,SeuratProject,86433,6373,4,N3,1,thoracic 11,thoracic,PEP.H8,N3-RT11-10
N3-RT11-11,SeuratProject,92611,6745,11,N3,1,thoracic 11,thoracic,Ad.LTMR,N3-RT11-11
N3-RT11-12,SeuratProject,145973,7141,1,N3,1,thoracic 11,thoracic,NP1,N3-RT11-12
N3-RT11-13,SeuratProject,111016,5324,0,N3,1,thoracic 11,thoracic,Propr,N3-RT11-13
N3-RT11-14,SeuratProject,137416,9905,3,N3,1,thoracic 11,thoracic,PEP.H0,N3-RT11-14
N3-RT11-15,SeuratProject,196142,9415,9,N3,1,thoracic 11,thoracic,PEP1.13,N3-RT11-15
N3-RT11-16,SeuratProject,105848,7059,4,N3,1,thoracic 11,thoracic,PEP.H8,N3-RT11-16
N3-RT11-17,SeuratProject,414058,12365,5,N3,1,thoracic 11,thoracic,Ab.LTMR,N3-RT11-17
N3-RT11-18,SeuratProject,68755,6398,2,N3,1,thoracic 11,thoracic,PEP.H0,N3-RT11-18
N3-RT11-19,SeuratProject,148350,8414,7,N3,1,thoracic 11,thoracic,Ab.LTMR,N3-RT11-19
N3-RT11-20,SeuratProject,85495,6786,7,N3,1,thoracic 11,thoracic,Ab.LTMR,N3-RT11-20
N3-RT11-21,SeuratProject,100191,7518,12,N3,1,thoracic 11,thoracic,NP3,N3-RT11-21
N3-RT11-22,SeuratProject,73644,7277,1,N3,1,thoracic 11,thoracic,NP1,N3-RT11-22
N3-RT11-24,SeuratProject,94005,6539,11,N3,1,thoracic 11,thoracic,Ad.LTMR,N3-RT11-24
N3-RT11-25,SeuratProject,114211,7387,6,N3,1,thoracic 11,thoracic,PEP.H5,N3-RT11-25
N3-RT11-26,SeuratProject,89335,5742,4,N3,1,thoracic 11,thoracic,PEP.H8,N3-RT11-26
N3-RT11-27,SeuratProject,102428,7304,7,N3,1,thoracic 11,thoracic,Ab.LTMR,N3-RT11-27
N3-RT11-28,SeuratProject,86935,5921,6,N3,1,thoracic 11,thoracic,PEP.H5,N3-RT11-28
N3-RT11-29,SeuratProject,267218,10739,13,N3,1,thoracic 11,thoracic,Ad.LTMR,N3-RT11-29
N3-RT11-30,SeuratProject,77063,6706,1,N3,1,thoracic 11,thoracic,NP1,N3-RT11-30
N3-RT11-31,SeuratProject,240038,10414,0,N3,1,thoracic 11,thoracic,Propr,N3-RT11-31
N3-RT11-32,SeuratProject,100872,6932,9,N3,1,thoracic 11,thoracic,PEP1.13,N3-RT11-32
N3-RT11-33,SeuratProject,47032,6338,1,N3,1,thoracic 11,thoracic,NP1,N3-RT11-33
N3-RT11-34,SeuratProject,87375,7167,6,N3,1,thoracic 11,thoracic,PEP.H5,N3-RT11-34
N3-RT11-35,SeuratProject,64207,5697,6,N3,1,thoracic 11,thoracic,PEP.H5,N3-RT11-35
N3-RT11-36,SeuratProject,118253,6168,0,N3,1,thoracic 11,thoracic,Propr,N3-RT11-36
N3-RT11-37,SeuratProject,117603,7956,5,N3,1,thoracic 11,thoracic,Ab.LTMR,N3-RT11-37
N3-RT11-38,SeuratProject,64904,5350,6,N3,1,thoracic 11,thoracic,PEP.H5,N3-RT11-38
N3-RT11-39,SeuratProject,62713,5824,11,N3,1,thoracic 11,thoracic,Ad.LTMR,N3-RT11-39
N3-RT11-40,SeuratProject,102816,7605,0,N3,1,thoracic 11,thoracic,Propr,N3-RT11-40
N3-RT11-41,SeuratProject,101520,7230,1,N3,1,thoracic 11,thoracic,NP1,N3-RT11-41
N3-RT11-42,SeuratProject,155166,5495,0,N3,1,thoracic 11,thoracic,Propr,N3-RT11-42
N3-RT11-43,SeuratProject,104226,7513,0,N3,1,thoracic 11,thoracic,Propr,N3-RT11-43
N3-RT11-44,SeuratProject,168922,10245,13,N3,1,thoracic 11,thoracic,Ad.LTMR,N3-RT11-44
N3-RT11-45,SeuratProject,63855,6743,16,N3,1,thoracic 11,thoracic,NP2,N3-RT11-45
N3-RT11-46,SeuratProject,67919,7505,1,N3,1,thoracic 11,thoracic,NP1,N3-RT11-46
N3-RT11-47,SeuratProject,156020,8578,0,N3,1,thoracic 11,thoracic,Propr,N3-RT11-47
N3-RT11-48,SeuratProject,308534,10950,0,N3,1,thoracic 11,thoracic,Propr,N3-RT11-48
N3-RT11-49,SeuratProject,101057,8561,4,N3,1,thoracic 11,thoracic,PEP.H8,N3-RT11-49
N3-RT11-50,SeuratProject,70425,6164,12,N3,1,thoracic 11,thoracic,NP3,N3-RT11-50
N3-RT11-51,SeuratProject,74395,7173,4,N3,1,thoracic 11,thoracic,PEP.H8,N3-RT11-51
N3-RT11-52,SeuratProject,76975,6614,11,N3,1,thoracic 11,thoracic,Ad.LTMR,N3-RT11-52
N3-RT11-54,SeuratProject,84541,6761,9,N3,1,thoracic 11,thoracic,PEP1.13,N3-RT11-54
N3-RT11-56,SeuratProject,290605,11520,8,N3,1,thoracic 11,thoracic,PEP.H4,N3-RT11-56
N3-RT11-57,SeuratProject,131897,9746,13,N3,1,thoracic 11,thoracic,Ad.LTMR,N3-RT11-57
N3-RT11-58,SeuratProject,120041,6952,7,N3,1,thoracic 11,thoracic,Ab.LTMR,N3-RT11-58
N3-RT11-59,SeuratProject,246128,11324,18,N3,1,thoracic 11,thoracic,Un.Gi,N3-RT11-59
N3-RT11-60,SeuratProject,100141,6760,12,N3,1,thoracic 11,thoracic,NP3,N3-RT11-60
N3-RT11-61,SeuratProject,235973,10870,8,N3,1,thoracic 11,thoracic,PEP.H4,N3-RT11-61
N3-RT11-62,SeuratProject,114222,5514,2,N3,1,thoracic 11,thoracic,PEP.H0,N3-RT11-62
N3-RT11-63,SeuratProject,140859,5895,0,N3,1,thoracic 11,thoracic,Propr,N3-RT11-63
N3-RT11-64,SeuratProject,150867,6437,12,N3,1,thoracic 11,thoracic,NP3,N3-RT11-64
N3-RT11-66,SeuratProject,103114,4988,3,N3,1,thoracic 11,thoracic,PEP.H0,N3-RT11-66
N3-RT11-67,SeuratProject,133687,7680,7,N3,1,thoracic 11,thoracic,Ab.LTMR,N3-RT11-67
N3-RT11-68,SeuratProject,89812,6846,12,N3,1,thoracic 11,thoracic,NP3,N3-RT11-68
N3-RT11-70,SeuratProject,76178,6307,2,N3,1,thoracic 11,thoracic,PEP.H0,N3-RT11-70
N3-RT11-71,SeuratProject,57875,6687,1,N3,1,thoracic 11,thoracic,NP1,N3-RT11-71
N3-RT11-72,SeuratProject,123415,7581,7,N3,1,thoracic 11,thoracic,Ab.LTMR,N3-RT11-72
N3-RT11-73,SeuratProject,84906,7461,11,N3,1,thoracic 11,thoracic,Ad.LTMR,N3-RT11-73
N3-RT11-74,SeuratProject,65352,7134,16,N3,1,thoracic 11,thoracic,NP2,N3-RT11-74
N3-RT11-76,SeuratProject,148969,9660,13,N3,1,thoracic 11,thoracic,Ad.LTMR,N3-RT11-76
N3-RT11-77,SeuratProject,112986,9037,6,N3,1,thoracic 11,thoracic,PEP.H5,N3-RT11-77
N3-RT11-78,SeuratProject,138375,8121,11,N3,1,thoracic 11,thoracic,Ad.LTMR,N3-RT11-78
N3-RT11-79,SeuratProject,6660,2642,4,N3,1,thoracic 11,thoracic,PEP.H8,N3-RT11-79
N3-RT11-80,SeuratProject,80192,6061,7,N3,1,thoracic 11,thoracic,Ab.LTMR,N3-RT11-80
N3-RT11-81,SeuratProject,8551,3024,3,N3,1,thoracic 11,thoracic,PEP.H0,N3-RT11-81
N3-RT11-82,SeuratProject,89266,6892,4,N3,1,thoracic 11,thoracic,PEP.H8,N3-RT11-82
N3-RT11-83,SeuratProject,75620,8152,10,N3,1,thoracic 11,thoracic,NP1,N3-RT11-83
N3-RT11-84,SeuratProject,90636,6399,0,N3,1,thoracic 11,thoracic,Propr,N3-RT11-84
N3-RT11-85,SeuratProject,156451,9759,5,N3,1,thoracic 11,thoracic,Ab.LTMR,N3-RT11-85
N3-RT11-86,SeuratProject,189770,9088,0,N3,1,thoracic 11,thoracic,Propr,N3-RT11-86
N3-RT11-87,SeuratProject,104764,6939,2,N3,1,thoracic 11,thoracic,PEP.H0,N3-RT11-87
N3-RT11-88,SeuratProject,562558,11778,0,N3,1,thoracic 11,thoracic,Propr,N3-RT11-88
N3-RT11-89,SeuratProject,129289,7011,11,N3,1,thoracic 11,thoracic,Ad.LTMR,N3-RT11-89
N3-RT11-90,SeuratProject,150885,7084,11,N3,1,thoracic 11,thoracic,Ad.LTMR,N3-RT11-90
N3-RT11-92,SeuratProject,120165,8782,10,N3,1,thoracic 11,thoracic,NP1,N3-RT11-92
N3-RT11-93,SeuratProject,125671,7025,4,N3,1,thoracic 11,thoracic,PEP.H8,N3-RT11-93
N3-RT11-94,SeuratProject,68264,7446,1,N3,1,thoracic 11,thoracic,NP1,N3-RT11-94
N3-RT11-95,SeuratProject,206640,7152,3,N3,1,thoracic 11,thoracic,Ab.LTMR,N3-RT11-95
N3-RT11-96,SeuratProject,335023,12151,13,N3,1,thoracic 11,thoracic,Ad.LTMR,N3-RT11-96
N3-RT11-98,SeuratProject,160497,6376,12,N3,2,thoracic 11,thoracic,NP3,N3-RT11-98
N3-RT11-99,SeuratProject,134333,6932,12,N3,2,thoracic 11,thoracic,NP3,N3-RT11-99
N3-RT11-100,SeuratProject,144198,5388,11,N3,2,thoracic 11,thoracic,Ad.LTMR,N3-RT11-100
N3-RT11-101,SeuratProject,475635,12573,5,N3,2,thoracic 11,thoracic,Ab.LTMR,N3-RT11-101
N3-RT11-102,SeuratProject,464907,12554,9,N3,2,thoracic 11,thoracic,PEP1.13,N3-RT11-102
N3-RT11-103,SeuratProject,291555,11547,8,N3,2,thoracic 11,thoracic,PEP.H4,N3-RT11-103
N3-RT11-104,SeuratProject,141782,5884,14,N3,2,thoracic 11,thoracic,PEP3,N3-RT11-104
N3-RT11-105,SeuratProject,631092,10488,13,N3,2,thoracic 11,thoracic,Ad.LTMR,N3-RT11-105
N3-RT11-106,SeuratProject,280026,8149,6,N3,2,thoracic 11,thoracic,PEP.H5,N3-RT11-106
N3-RT11-107,SeuratProject,512205,12240,8,N3,2,thoracic 11,thoracic,PEP.H4,N3-RT11-107
N3-RT11-108,SeuratProject,211409,7348,4,N3,2,thoracic 11,thoracic,PEP.H8,N3-RT11-108
N3-RT11-109,SeuratProject,171113,9032,6,N3,2,thoracic 11,thoracic,PEP.H5,N3-RT11-109
N3-RT11-110,SeuratProject,288188,12203,10,N3,2,thoracic 11,thoracic,NP1,N3-RT11-110
N3-RT11-111,SeuratProject,420146,13016,8,N3,2,thoracic 11,thoracic,PEP.H4,N3-RT11-111
N3-RT11-112,SeuratProject,159534,7360,5,N3,2,thoracic 11,thoracic,Ab.LTMR,N3-RT11-112
N3-RT11-114,SeuratProject,132982,8044,12,N3,2,thoracic 11,thoracic,NP3,N3-RT11-114
N3-RT11-115,SeuratProject,112928,6675,6,N3,2,thoracic 11,thoracic,PEP.H5,N3-RT11-115
N3-RT11-116,SeuratProject,131388,9012,5,N3,2,thoracic 11,thoracic,Ab.LTMR,N3-RT11-116
N3-RT11-117,SeuratProject,112308,7118,6,N3,2,thoracic 11,thoracic,PEP.H5,N3-RT11-117
N3-RT11-118,SeuratProject,130115,8305,16,N3,2,thoracic 11,thoracic,NP2,N3-RT11-118
N3-RT11-119,SeuratProject,161907,8416,4,N3,2,thoracic 11,thoracic,PEP.H8,N3-RT11-119
N3-RT11-120,SeuratProject,154928,7789,6,N3,2,thoracic 11,thoracic,PEP.H5,N3-RT11-120
N3-RT11-122,SeuratProject,166393,9562,7,N3,2,thoracic 11,thoracic,Ab.LTMR,N3-RT11-122
N3-RT11-124,SeuratProject,42891,5799,1,N3,2,thoracic 11,thoracic,NP1,N3-RT11-124
N3-RT11-125,SeuratProject,168541,7971,14,N3,2,thoracic 11,thoracic,PEP3,N3-RT11-125
N3-RT11-126,SeuratProject,158741,8303,0,N3,2,thoracic 11,thoracic,Un.Gi,N3-RT11-126
N3-RT11-127,SeuratProject,123632,7999,1,N3,2,thoracic 11,thoracic,NP1,N3-RT11-127
N3-RT11-128,SeuratProject,138228,7734,3,N3,2,thoracic 11,thoracic,TRPM8,N3-RT11-128
N3-RT11-129,SeuratProject,202415,9673,2,N3,3,thoracic 11,thoracic,PEP.H0,N3-RT11-129
N3-RT11-130,SeuratProject,141535,8728,11,N3,3,thoracic 11,thoracic,Ad.LTMR,N3-RT11-130
N3-RT11-131,SeuratProject,263382,12413,8,N3,3,thoracic 11,thoracic,PEP.H4,N3-RT11-131
N3-RT11-132,SeuratProject,87207,6456,11,N3,3,thoracic 11,thoracic,Ad.LTMR,N3-RT11-132
N3-RT11-133,SeuratProject,60445,5623,2,N3,3,thoracic 11,thoracic,PEP.H0,N3-RT11-133
N3-RT11-135,SeuratProject,78137,7118,11,N3,3,thoracic 11,thoracic,Ad.LTMR,N3-RT11-135
N3-RT11-136,SeuratProject,94118,8161,5,N3,3,thoracic 11,thoracic,Ab.LTMR,N3-RT11-136
N3-RT11-137,SeuratProject,80534,6773,6,N3,3,thoracic 11,thoracic,PEP.H5,N3-RT11-137
N3-RT11-138,SeuratProject,64141,6475,2,N3,3,thoracic 11,thoracic,PEP.H0,N3-RT11-138
N3-RT11-139,SeuratProject,80754,5643,6,N3,3,thoracic 11,thoracic,PEP.H5,N3-RT11-139
N3-RT11-140,SeuratProject,218188,11454,15,N3,3,thoracic 11,thoracic,PEP.H4.15,N3-RT11-140
N3-RT11-141,SeuratProject,85332,7078,2,N3,3,thoracic 11,thoracic,PEP.H0,N3-RT11-141
N3-RT11-143,SeuratProject,54049,5331,1,N3,3,thoracic 11,thoracic,NP1,N3-RT11-143
N3-RT11-144,SeuratProject,167608,11316,15,N3,3,thoracic 11,thoracic,PEP.H4.15,N3-RT11-144
N3-RT11-145,SeuratProject,75419,7395,10,N3,3,thoracic 11,thoracic,NP1,N3-RT11-145
N3-RT11-146,SeuratProject,76511,6640,9,N3,3,thoracic 11,thoracic,PEP1.13,N3-RT11-146
N3-RT11-147,SeuratProject,294063,12026,8,N3,3,thoracic 11,thoracic,PEP.H4,N3-RT11-147
N3-RT11-148,SeuratProject,98520,6005,2,N3,3,thoracic 11,thoracic,PEP.H0,N3-RT11-148
N3-RT11-149,SeuratProject,89932,6569,8,N3,3,thoracic 11,thoracic,PEP.H4,N3-RT11-149
N3-RT11-150,SeuratProject,274058,12471,8,N3,3,thoracic 11,thoracic,PEP.H4,N3-RT11-150
N3-RT11-151,SeuratProject,203028,10299,5,N3,3,thoracic 11,thoracic,Ab.LTMR,N3-RT11-151
N3-RT11-152,SeuratProject,278896,11962,5,N3,3,thoracic 11,thoracic,Un.Gi,N3-RT11-152
N3-RT11-153,SeuratProject,279772,11958,6,N3,3,thoracic 11,thoracic,PEP.H5,N3-RT11-153
N3-RT11-154,SeuratProject,304455,11417,5,N3,3,thoracic 11,thoracic,Ab.LTMR,N3-RT11-154
N3-RT11-155,SeuratProject,70000,8009,0,N3,3,thoracic 11,thoracic,Propr,N3-RT11-155
N3-RT11-156,SeuratProject,226918,9232,7,N3,3,thoracic 11,thoracic,Ab.LTMR,N3-RT11-156
N3-RT11-157,SeuratProject,84832,6109,7,N3,3,thoracic 11,thoracic,Ab.LTMR,N3-RT11-157
N3-RT11-159,SeuratProject,129442,7911,5,N3,3,thoracic 11,thoracic,Ab.LTMR,N3-RT11-159
N3-RT11-160,SeuratProject,53789,5036,3,N3,3,thoracic 11,thoracic,PEP.H0,N3-RT11-160
N3-RT11-161,SeuratProject,296182,10725,4,N3,3,thoracic 11,thoracic,PEP.H8,N3-RT11-161
N3-RT11-162,SeuratProject,98705,6151,5,N3,3,thoracic 11,thoracic,Ab.LTMR,N3-RT11-162
N3-RT11-163,SeuratProject,126683,5571,3,N3,3,thoracic 11,thoracic,PEP.H0,N3-RT11-163
N3-RT11-164,SeuratProject,126267,5226,2,N3,3,thoracic 11,thoracic,PEP.H0,N3-RT11-164
N3-RT11-165,SeuratProject,341446,11527,14,N3,3,thoracic 11,thoracic,PEP3,N3-RT11-165
N3-RT11-166,SeuratProject,116909,4675,0,N3,3,thoracic 11,thoracic,Propr,N3-RT11-166
N3-RT11-167,SeuratProject,100039,5004,2,N3,3,thoracic 11,thoracic,PEP.H0,N3-RT11-167
N3-RT11-168,SeuratProject,279353,11361,4,N3,3,thoracic 11,thoracic,PEP.H8,N3-RT11-168
N3-RT11-170,SeuratProject,143548,9812,8,N3,3,thoracic 11,thoracic,PEP.H4,N3-RT11-170
N3-RT11-171,SeuratProject,132721,7679,0,N3,3,thoracic 11,thoracic,Propr,N3-RT11-171
N3-RT11-172,SeuratProject,130002,7187,13,N3,3,thoracic 11,thoracic,Ad.LTMR,N3-RT11-172
N3-RT11-173,SeuratProject,115191,5351,9,N3,3,thoracic 11,thoracic,PEP1.13,N3-RT11-173
N3-RT11-174,SeuratProject,128349,5192,2,N3,3,thoracic 11,thoracic,PEP.H0,N3-RT11-174
N3-RT11-175,SeuratProject,85950,5993,4,N3,3,thoracic 11,thoracic,PEP.H8,N3-RT11-175
N3-RT11-176,SeuratProject,90341,3237,3,N3,3,thoracic 11,thoracic,PEP.H0,N3-RT11-176
N3-RT11-177,SeuratProject,158155,10297,8,N3,3,thoracic 11,thoracic,PEP.H4,N3-RT11-177
N3-RT11-178,SeuratProject,71806,5322,9,N3,3,thoracic 11,thoracic,PEP1.13,N3-RT11-178
N3-RT11-179,SeuratProject,124856,5755,5,N3,3,thoracic 11,thoracic,Ab.LTMR,N3-RT11-179
N3-RT11-180,SeuratProject,167986,9707,8,N3,3,thoracic 11,thoracic,PEP.H4,N3-RT11-180
N3-RT11-181,SeuratProject,139186,5918,7,N3,3,thoracic 11,thoracic,Ab.LTMR,N3-RT11-181
N3-RT11-182,SeuratProject,90153,3463,3,N3,3,thoracic 11,thoracic,Ab.LTMR,N3-RT11-182
N3-RT11-183,SeuratProject,81447,6131,6,N3,3,thoracic 11,thoracic,PEP.H5,N3-RT11-183
N3-RT11-184,SeuratProject,276292,11479,8,N3,3,thoracic 11,thoracic,PEP.H4,N3-RT11-184
N3-RT11-185,SeuratProject,78312,6223,1,N3,3,thoracic 11,thoracic,NP1,N3-RT11-185
N3-RT11-186,SeuratProject,214293,10757,10,N3,3,thoracic 11,thoracic,NP1,N3-RT11-186
N3-RT11-187,SeuratProject,211854,10733,13,N3,3,thoracic 11,thoracic,Ad.LTMR,N3-RT11-187
N3-RT11-188,SeuratProject,53253,4571,7,N3,3,thoracic 11,thoracic,Ab.LTMR,N3-RT11-188
N3-RT11-189,SeuratProject,122663,7899,7,N3,3,thoracic 11,thoracic,Ab.LTMR,N3-RT11-189
N3-RT11-190,SeuratProject,141104,8271,7,N3,3,thoracic 11,thoracic,Ab.LTMR,N3-RT11-190
N3-RT11-191,SeuratProject,104404,8221,18,N3,3,thoracic 11,thoracic,Un.Gi,N3-RT11-191
N3-RT11-192,SeuratProject,188188,10215,13,N3,3,thoracic 11,thoracic,Ad.LTMR,N3-RT11-192
N4-RL3-1,SeuratProject,180048,11956,10,N4,2,lumbar 3,lumbar,NP1,N4-RL3-1
N4-RL3-2,SeuratProject,84277,6717,9,N4,2,lumbar 3,lumbar,PEP1.13,N4-RL3-2
N4-RL3-3,SeuratProject,486736,13232,4,N4,2,lumbar 3,lumbar,PEP.H8,N4-RL3-3
N4-RL3-4,SeuratProject,114340,4562,4,N4,2,lumbar 3,lumbar,PEP.H8,N4-RL3-4
N4-RL3-5,SeuratProject,93725,6475,2,N4,2,lumbar 3,lumbar,PEP.H0,N4-RL3-5
N4-RL3-6,SeuratProject,75833,5929,2,N4,2,lumbar 3,lumbar,PEP.H0,N4-RL3-6
N4-RL3-7,SeuratProject,163195,9555,8,N4,2,lumbar 3,lumbar,PEP.H4,N4-RL3-7
N4-RL3-8,SeuratProject,108380,7808,1,N4,2,lumbar 3,lumbar,NP1,N4-RL3-8
N4-RL3-9,SeuratProject,142931,7324,17,N4,2,lumbar 3,lumbar,C.LTMR,N4-RL3-9
N4-RL3-10,SeuratProject,86134,7053,1,N4,2,lumbar 3,lumbar,NP1,N4-RL3-10
N4-RL3-11,SeuratProject,168070,9631,10,N4,2,lumbar 3,lumbar,NP1,N4-RL3-11
N4-RL3-12,SeuratProject,120340,8121,11,N4,2,lumbar 3,lumbar,Ad.LTMR,N4-RL3-12
N4-RL3-13,SeuratProject,113949,7336,11,N4,2,lumbar 3,lumbar,Ad.LTMR,N4-RL3-13
N4-RL3-14,SeuratProject,77021,5818,0,N4,2,lumbar 3,lumbar,Propr,N4-RL3-14
N4-RL3-15,SeuratProject,233418,10311,10,N4,2,lumbar 3,lumbar,NP1,N4-RL3-15
N4-RL3-16,SeuratProject,124336,7947,2,N4,2,lumbar 3,lumbar,PEP.H0,N4-RL3-16
N4-RL3-17,SeuratProject,181201,9430,16,N4,2,lumbar 3,lumbar,NP2,N4-RL3-17
N4-RL3-18,SeuratProject,161903,9387,0,N4,2,lumbar 3,lumbar,Propr,N4-RL3-18
N4-RL3-19,SeuratProject,298832,11880,15,N4,2,lumbar 3,lumbar,PEP.H4.15,N4-RL3-19
N4-RL3-20,SeuratProject,238936,10600,14,N4,2,lumbar 3,lumbar,PEP3,N4-RL3-20
N4-RL3-21,SeuratProject,84482,4970,1,N4,2,lumbar 3,lumbar,NP1,N4-RL3-21
N4-RL3-22,SeuratProject,100837,7576,10,N4,2,lumbar 3,lumbar,NP1,N4-RL3-22
N4-RL3-23,SeuratProject,139680,7377,2,N4,2,lumbar 3,lumbar,PEP.H0,N4-RL3-23
N4-RL3-24,SeuratProject,146809,8773,10,N4,2,lumbar 3,lumbar,NP1,N4-RL3-24
N4-RL3-25,SeuratProject,97616,6676,2,N4,2,lumbar 3,lumbar,PEP.H0,N4-RL3-25
N4-RL3-26,SeuratProject,104319,7058,14,N4,2,lumbar 3,lumbar,PEP3,N4-RL3-26
N4-RL3-27,SeuratProject,140878,5951,7,N4,2,lumbar 3,lumbar,Ab.LTMR,N4-RL3-27
N4-RL3-28,SeuratProject,295137,10118,5,N4,2,lumbar 3,lumbar,Ab.LTMR,N4-RL3-28
N4-RL3-29,SeuratProject,102067,5395,3,N4,2,lumbar 3,lumbar,TRPM8,N4-RL3-29
N4-RL3-30,SeuratProject,185626,8998,5,N4,2,lumbar 3,lumbar,Ab.LTMR,N4-RL3-30
N4-RL3-31,SeuratProject,147351,7884,5,N4,2,lumbar 3,lumbar,Ab.LTMR,N4-RL3-31
N4-RL3-32,SeuratProject,323563,11869,8,N4,2,lumbar 3,lumbar,PEP.H4,N4-RL3-32
N4-RL3-33,SeuratProject,101310,6500,1,N4,2,lumbar 3,lumbar,NP1,N4-RL3-33
N4-RL3-34,SeuratProject,78145,5355,2,N4,2,lumbar 3,lumbar,PEP.H0,N4-RL3-34
N4-RL3-35,SeuratProject,119005,6365,2,N4,2,lumbar 3,lumbar,PEP.H0,N4-RL3-35
N4-RL3-36,SeuratProject,108570,7450,1,N4,2,lumbar 3,lumbar,NP1,N4-RL3-36
N4-RL3-37,SeuratProject,136610,6196,2,N4,2,lumbar 3,lumbar,PEP.H0,N4-RL3-37
N4-RL3-38,SeuratProject,125006,6883,15,N4,2,lumbar 3,lumbar,PEP.H4.15,N4-RL3-38
N4-RL3-39,SeuratProject,82084,5275,9,N4,2,lumbar 3,lumbar,PEP1.13,N4-RL3-39
N4-RL3-40,SeuratProject,81081,6311,1,N4,2,lumbar 3,lumbar,NP1,N4-RL3-40
N4-RL3-41,SeuratProject,176898,8435,0,N4,2,lumbar 3,lumbar,Propr,N4-RL3-41
N4-RL3-42,SeuratProject,43644,4455,14,N4,2,lumbar 3,lumbar,PEP3,N4-RL3-42
N4-RL3-43,SeuratProject,127506,7801,15,N4,2,lumbar 3,lumbar,PEP.H4.15,N4-RL3-43
N4-RL3-44,SeuratProject,100857,5853,11,N4,2,lumbar 3,lumbar,Ad.LTMR,N4-RL3-44
N4-RL3-45,SeuratProject,153073,6273,2,N4,2,lumbar 3,lumbar,PEP.H0,N4-RL3-45
N4-RL3-46,SeuratProject,253079,10068,8,N4,2,lumbar 3,lumbar,PEP.H4,N4-RL3-46
N4-RL3-47,SeuratProject,125360,7432,10,N4,2,lumbar 3,lumbar,NP1,N4-RL3-47
N4-RL3-48,SeuratProject,142423,6501,11,N4,2,lumbar 3,lumbar,Ad.LTMR,N4-RL3-48
N4-RL3-49,SeuratProject,260054,10684,0,N4,2,lumbar 3,lumbar,Propr,N4-RL3-49
N4-RL3-50,SeuratProject,181312,9094,5,N4,2,lumbar 3,lumbar,Ab.LTMR,N4-RL3-50
N4-RL3-51,SeuratProject,165117,9685,0,N4,2,lumbar 3,lumbar,Propr,N4-RL3-51
N4-RL3-52,SeuratProject,158485,7132,9,N4,2,lumbar 3,lumbar,PEP1.13,N4-RL3-52
N4-RL3-53,SeuratProject,150983,8967,10,N4,2,lumbar 3,lumbar,NP1,N4-RL3-53
N4-RL3-54,SeuratProject,248687,10621,13,N4,2,lumbar 3,lumbar,Ad.LTMR,N4-RL3-54
N4-RL3-55,SeuratProject,103969,6901,8,N4,2,lumbar 3,lumbar,PEP.H4,N4-RL3-55
N4-RL3-56,SeuratProject,367588,11320,8,N4,2,lumbar 3,lumbar,PEP.H4,N4-RL3-56
N4-RL3-57,SeuratProject,99780,6436,11,N4,2,lumbar 3,lumbar,Ad.LTMR,N4-RL3-57
N4-RL3-58,SeuratProject,89223,6766,0,N4,2,lumbar 3,lumbar,Un.Gi,N4-RL3-58
N4-RL3-59,SeuratProject,144753,9224,10,N4,2,lumbar 3,lumbar,NP1,N4-RL3-59
N4-RL3-60,SeuratProject,127798,7834,16,N4,2,lumbar 3,lumbar,NP2,N4-RL3-60
N4-RL3-62,SeuratProject,87296,6403,14,N4,2,lumbar 3,lumbar,PEP3,N4-RL3-62
N4-RL3-64,SeuratProject,111945,7302,16,N4,2,lumbar 3,lumbar,NP2,N4-RL3-64
N4-RL3-65,SeuratProject,66983,4772,6,N4,2,lumbar 3,lumbar,PEP.H5,N4-RL3-65
N4-RL3-66,SeuratProject,90376,6744,2,N4,2,lumbar 3,lumbar,PEP.H0,N4-RL3-66
N4-RL3-67,SeuratProject,92471,6267,4,N4,2,lumbar 3,lumbar,PEP.H8,N4-RL3-67
N4-RL3-68,SeuratProject,172670,7450,9,N4,2,lumbar 3,lumbar,PEP1.13,N4-RL3-68
N4-RL3-69,SeuratProject,198609,8872,15,N4,2,lumbar 3,lumbar,PEP.H4.15,N4-RL3-69
N4-RL3-70,SeuratProject,111881,4100,9,N4,2,lumbar 3,lumbar,PEP1.13,N4-RL3-70
N4-RL3-71,SeuratProject,129893,8350,5,N4,2,lumbar 3,lumbar,Ab.LTMR,N4-RL3-71
N4-RL3-72,SeuratProject,88844,6798,1,N4,2,lumbar 3,lumbar,NP1,N4-RL3-72
N4-RL3-73,SeuratProject,81632,6817,14,N4,2,lumbar 3,lumbar,PEP3,N4-RL3-73
N4-RL3-74,SeuratProject,80858,6535,1,N4,2,lumbar 3,lumbar,NP1,N4-RL3-74
N4-RL3-75,SeuratProject,113758,5645,1,N4,2,lumbar 3,lumbar,NP1,N4-RL3-75
N4-RL3-76,SeuratProject,163216,5949,12,N4,2,lumbar 3,lumbar,NP3,N4-RL3-76
N4-RL3-77,SeuratProject,384260,11001,13,N4,2,lumbar 3,lumbar,Ad.LTMR,N4-RL3-77
N4-RL3-78,SeuratProject,252392,11458,16,N4,2,lumbar 3,lumbar,NP2,N4-RL3-78
N4-RL3-79,SeuratProject,161484,8483,1,N4,2,lumbar 3,lumbar,NP1,N4-RL3-79
N4-RL3-80,SeuratProject,423396,11848,13,N4,2,lumbar 3,lumbar,Ad.LTMR,N4-RL3-80
N4-RL3-82,SeuratProject,104362,6265,4,N4,2,lumbar 3,lumbar,PEP.H8,N4-RL3-82
N4-RL3-83,SeuratProject,95130,5915,4,N4,2,lumbar 3,lumbar,PEP.H8,N4-RL3-83
N4-RL3-84,SeuratProject,114041,7617,0,N4,2,lumbar 3,lumbar,Propr,N4-RL3-84
N4-RL3-85,SeuratProject,254177,10986,8,N4,2,lumbar 3,lumbar,PEP.H4,N4-RL3-85
N4-RL3-86,SeuratProject,82024,4898,9,N4,2,lumbar 3,lumbar,PEP1.13,N4-RL3-86
N4-RL3-87,SeuratProject,357772,9153,7,N4,2,lumbar 3,lumbar,Ab.LTMR,N4-RL3-87
N4-RL3-88,SeuratProject,302599,9399,0,N4,2,lumbar 3,lumbar,Propr,N4-RL3-88
N4-RL3-89,SeuratProject,219347,6078,7,N4,2,lumbar 3,lumbar,Ab.LTMR,N4-RL3-89
N4-RL3-90,SeuratProject,428173,11857,7,N4,2,lumbar 3,lumbar,Ab.LTMR,N4-RL3-90
N4-RL3-91,SeuratProject,275641,10141,6,N4,2,lumbar 3,lumbar,PEP.H5,N4-RL3-91
N4-RL3-92,SeuratProject,292501,11132,7,N4,2,lumbar 3,lumbar,Ab.LTMR,N4-RL3-92
N4-RL3-93,SeuratProject,264064,11077,5,N4,2,lumbar 3,lumbar,Ab.LTMR,N4-RL3-93
N4-RL3-94,SeuratProject,344593,9703,6,N4,2,lumbar 3,lumbar,PEP.H5,N4-RL3-94
N4-RL3-95,SeuratProject,168310,7224,9,N4,2,lumbar 3,lumbar,PEP1.13,N4-RL3-95
N4-RL3-96,SeuratProject,173531,7414,4,N4,2,lumbar 3,lumbar,PEP.H8,N4-RL3-96
N4-RL3-98,SeuratProject,253895,9357,7,N4,2,lumbar 3,lumbar,Ab.LTMR,N4-RL3-98
N4-RL3-99,SeuratProject,245202,10866,10,N4,2,lumbar 3,lumbar,NP1,N4-RL3-99
N4-RL3-100,SeuratProject,438872,12434,8,N4,2,lumbar 3,lumbar,PEP.H4,N4-RL3-100
N4-RL3-101,SeuratProject,119919,7184,9,N4,2,lumbar 3,lumbar,PEP1.13,N4-RL3-101
N4-RL3-102,SeuratProject,123163,8609,1,N4,2,lumbar 3,lumbar,NP1,N4-RL3-102
N4-RL3-103,SeuratProject,150212,7119,5,N4,2,lumbar 3,lumbar,Ab.LTMR,N4-RL3-103
N4-RL3-104,SeuratProject,106472,5007,2,N4,2,lumbar 3,lumbar,PEP.H0,N4-RL3-104
N4-RL3-105,SeuratProject,147567,4830,1,N4,2,lumbar 3,lumbar,NP1,N4-RL3-105
N4-RL3-106,SeuratProject,91038,5384,9,N4,2,lumbar 3,lumbar,PEP1.13,N4-RL3-106
N4-RL3-107,SeuratProject,83514,5323,9,N4,2,lumbar 3,lumbar,PEP1.13,N4-RL3-107
N4-RL3-108,SeuratProject,123261,7475,1,N4,2,lumbar 3,lumbar,NP1,N4-RL3-108
N4-RL3-109,SeuratProject,105227,4946,11,N4,2,lumbar 3,lumbar,Ad.LTMR,N4-RL3-109
N4-RL3-111,SeuratProject,86306,3644,12,N4,2,lumbar 3,lumbar,NP3,N4-RL3-111
N4-RL3-112,SeuratProject,349244,10643,8,N4,2,lumbar 3,lumbar,PEP.H4,N4-RL3-112
N4-RL3-113,SeuratProject,142079,6696,1,N4,2,lumbar 3,lumbar,NP1,N4-RL3-113
N4-RL3-114,SeuratProject,134729,7534,2,N4,2,lumbar 3,lumbar,PEP.H0,N4-RL3-114
N4-RL3-115,SeuratProject,195213,9460,1,N4,2,lumbar 3,lumbar,NP1,N4-RL3-115
N4-RL3-116,SeuratProject,130583,6392,1,N4,2,lumbar 3,lumbar,NP1,N4-RL3-116
N4-RL3-117,SeuratProject,98995,6547,9,N4,2,lumbar 3,lumbar,PEP1.13,N4-RL3-117
N4-RL3-119,SeuratProject,277518,9379,0,N4,2,lumbar 3,lumbar,Propr,N4-RL3-119
N4-RL3-120,SeuratProject,204810,6812,0,N4,2,lumbar 3,lumbar,Propr,N4-RL3-120
N4-RL3-126,SeuratProject,429911,11917,13,N4,2,lumbar 3,lumbar,Ad.LTMR,N4-RL3-126
N4-RL3-127,SeuratProject,142446,7488,11,N4,2,lumbar 3,lumbar,Ad.LTMR,N4-RL3-127
N4-RL3-128,SeuratProject,200780,6724,11,N4,2,lumbar 3,lumbar,Ad.LTMR,N4-RL3-128
N4-RL3-129,SeuratProject,141726,7992,11,N4,2,lumbar 3,lumbar,Ad.LTMR,N4-RL3-129
N4-RL3-131,SeuratProject,610245,11033,7,N4,2,lumbar 3,lumbar,Ab.LTMR,N4-RL3-131
N4-RL3-132,SeuratProject,545292,14424,17,N4,2,lumbar 3,lumbar,C.LTMR,N4-RL3-132
N4-RL3-133,SeuratProject,105366,7235,1,N4,3,lumbar 3,lumbar,NP1,N4-RL3-133
N4-RL3-134,SeuratProject,217463,7364,4,N4,3,lumbar 3,lumbar,PEP.H8,N4-RL3-134
N4-RL3-135,SeuratProject,559038,11487,16,N4,3,lumbar 3,lumbar,NP2,N4-RL3-135
N4-RL3-137,SeuratProject,942148,14429,7,N4,3,lumbar 3,lumbar,Ab.LTMR,N4-RL3-137
N4-RL3-138,SeuratProject,113707,5937,3,N4,3,lumbar 3,lumbar,C.LTMR,N4-RL3-138
N4-RL3-139,SeuratProject,348167,10419,11,N4,3,lumbar 3,lumbar,Ad.LTMR,N4-RL3-139
N4-RL3-140,SeuratProject,480563,12308,5,N4,3,lumbar 3,lumbar,Ab.LTMR,N4-RL3-140
N4-RL3-141,SeuratProject,187690,7992,13,N4,3,lumbar 3,lumbar,Ad.LTMR,N4-RL3-141
N4-RL3-142,SeuratProject,206124,8221,17,N4,3,lumbar 3,lumbar,C.LTMR,N4-RL3-142
N4-RL3-143,SeuratProject,397034,11144,15,N4,3,lumbar 3,lumbar,PEP.H4.15,N4-RL3-143
N4-RL3-144,SeuratProject,445978,11534,10,N4,3,lumbar 3,lumbar,NP1,N4-RL3-144
N4-RL3-145,SeuratProject,404211,11069,0,N4,3,lumbar 3,lumbar,Propr,N4-RL3-145
N4-RL3-146,SeuratProject,260181,8855,2,N4,3,lumbar 3,lumbar,PEP.H0,N4-RL3-146
N4-RL3-147,SeuratProject,134763,7423,12,N4,3,lumbar 3,lumbar,NP3,N4-RL3-147
N4-RL3-148,SeuratProject,149529,10064,10,N4,3,lumbar 3,lumbar,NP1,N4-RL3-148
N4-RL3-149,SeuratProject,212965,9013,0,N4,3,lumbar 3,lumbar,Propr,N4-RL3-149
N4-RL3-150,SeuratProject,180664,9112,14,N4,3,lumbar 3,lumbar,PEP3,N4-RL3-150
N4-RL3-151,SeuratProject,432875,12104,8,N4,3,lumbar 3,lumbar,PEP.H4,N4-RL3-151
N4-RL3-152,SeuratProject,412080,12299,6,N4,3,lumbar 3,lumbar,PEP.H5,N4-RL3-152
N4-RL3-153,SeuratProject,318399,11282,5,N4,3,lumbar 3,lumbar,Ab.LTMR,N4-RL3-153
N4-RL3-154,SeuratProject,463717,9966,7,N4,3,lumbar 3,lumbar,Ab.LTMR,N4-RL3-154
N4-RL3-155,SeuratProject,328195,11008,13,N4,3,lumbar 3,lumbar,Un.Gi,N4-RL3-155
N4-RL3-156,SeuratProject,465498,12013,5,N4,3,lumbar 3,lumbar,Un.Gi,N4-RL3-156
N4-RL3-157,SeuratProject,70302,3159,3,N4,3,lumbar 3,lumbar,PEP.H0,N4-RL3-157
N4-RL3-158,SeuratProject,276778,5307,3,N4,3,lumbar 3,lumbar,PEP.H0,N4-RL3-158
N4-RL3-159,SeuratProject,83982,6509,1,N4,3,lumbar 3,lumbar,NP1,N4-RL3-159
N4-RL3-161,SeuratProject,121192,7930,1,N4,3,lumbar 3,lumbar,NP1,N4-RL3-161
N4-RL3-163,SeuratProject,232654,8510,0,N4,3,lumbar 3,lumbar,Propr,N4-RL3-163
N4-RL3-164,SeuratProject,244599,9663,5,N4,3,lumbar 3,lumbar,Ab.LTMR,N4-RL3-164
N4-RL3-165,SeuratProject,69054,6888,5,N4,3,lumbar 3,lumbar,Ab.LTMR,N4-RL3-165
N4-RL3-166,SeuratProject,61751,4804,6,N4,3,lumbar 3,lumbar,PEP.H5,N4-RL3-166
N4-RL3-167,SeuratProject,269511,8539,2,N4,3,lumbar 3,lumbar,PEP.H0,N4-RL3-167
N4-RL3-168,SeuratProject,331262,6759,4,N4,3,lumbar 3,lumbar,PEP.H8,N4-RL3-168
N4-RL3-169,SeuratProject,168274,7494,0,N4,3,lumbar 3,lumbar,Propr,N4-RL3-169
N4-RL3-170,SeuratProject,528878,10902,6,N4,3,lumbar 3,lumbar,PEP.H5,N4-RL3-170
N4-RL3-171,SeuratProject,271073,7766,17,N4,3,lumbar 3,lumbar,C.LTMR,N4-RL3-171
N4-RL3-172,SeuratProject,179761,8247,0,N4,3,lumbar 3,lumbar,Propr,N4-RL3-172
N4-RL3-173,SeuratProject,98772,8635,5,N4,3,lumbar 3,lumbar,Ab.LTMR,N4-RL3-173
N4-RL3-174,SeuratProject,86843,6427,7,N4,3,lumbar 3,lumbar,Ab.LTMR,N4-RL3-174
N4-RL3-175,SeuratProject,293997,5888,3,N4,3,lumbar 3,lumbar,PEP.H0,N4-RL3-175
N4-RL3-176,SeuratProject,142084,3990,9,N4,3,lumbar 3,lumbar,PEP1.13,N4-RL3-176
N4-RL3-177,SeuratProject,314261,10018,1,N4,3,lumbar 3,lumbar,NP1,N4-RL3-177
N4-RL3-180,SeuratProject,33583,1280,3,N4,3,lumbar 3,lumbar,PEP.H0,N4-RL3-180
N4-RL3-181,SeuratProject,46593,3048,1,N4,3,lumbar 3,lumbar,NP1,N4-RL3-181
N4-RL3-182,SeuratProject,1169055,14051,8,N4,3,lumbar 3,lumbar,PEP.H4,N4-RL3-182
N4-RL3-183,SeuratProject,655413,13548,8,N4,3,lumbar 3,lumbar,PEP.H4,N4-RL3-183
N4-RL3-184,SeuratProject,306808,4650,3,N4,3,lumbar 3,lumbar,PEP.H0,N4-RL3-184
N4-RL3-185,SeuratProject,30902,4799,9,N4,3,lumbar 3,lumbar,PEP1.13,N4-RL3-185
N4-RL3-186,SeuratProject,133843,5257,11,N4,3,lumbar 3,lumbar,Ad.LTMR,N4-RL3-186
N4-RL3-187,SeuratProject,115055,9841,10,N4,3,lumbar 3,lumbar,NP1,N4-RL3-187
N4-RL3-188,SeuratProject,1533337,11172,7,N4,3,lumbar 3,lumbar,Ab.LTMR,N4-RL3-188
N4-RL3-191,SeuratProject,105970,8146,7,N4,3,lumbar 3,lumbar,Ab.LTMR,N4-RL3-191
N4-RL3-192,SeuratProject,258887,11062,13,N4,3,lumbar 3,lumbar,Ad.LTMR,N4-RL3-192
N4-RL3-193,SeuratProject,123577,6797,6,N4,3,lumbar 3,lumbar,PEP.H5,N4-RL3-193
N4-RL3-194,SeuratProject,458303,11673,4,N4,3,lumbar 3,lumbar,PEP.H8,N4-RL3-194
N4-RL3-195,SeuratProject,133808,3338,3,N4,3,lumbar 3,lumbar,PEP.H0,N4-RL3-195
N4-RL3-196,SeuratProject,162682,7120,11,N4,3,lumbar 3,lumbar,Ad.LTMR,N4-RL3-196
N4-RL3-197,SeuratProject,153514,6308,7,N4,3,lumbar 3,lumbar,Ab.LTMR,N4-RL3-197
N4-RL3-198,SeuratProject,113610,6022,2,N4,3,lumbar 3,lumbar,PEP.H0,N4-RL3-198
N4-RL3-199,SeuratProject,86863,6747,4,N4,3,lumbar 3,lumbar,PEP.H8,N4-RL3-199
N4-RT12-1,SeuratProject,449174,11266,10,N4,2,thoracic 12,thoracic,NP1,N4-RT12-1
N4-RT12-2,SeuratProject,141100,6694,7,N4,2,thoracic 12,thoracic,Ab.LTMR,N4-RT12-2
N4-RT12-3,SeuratProject,85071,5531,12,N4,2,thoracic 12,thoracic,NP3,N4-RT12-3
N4-RT12-4,SeuratProject,113765,6778,4,N4,2,thoracic 12,thoracic,PEP.H8,N4-RT12-4
N4-RT12-5,SeuratProject,164597,9600,10,N4,2,thoracic 12,thoracic,NP1,N4-RT12-5
N4-RT12-9,SeuratProject,68574,5516,0,N4,2,thoracic 12,thoracic,Propr,N4-RT12-9
N4-RT12-10,SeuratProject,135021,8889,1,N4,2,thoracic 12,thoracic,NP1,N4-RT12-10
N4-RT12-11,SeuratProject,158758,9928,13,N4,2,thoracic 12,thoracic,Ad.LTMR,N4-RT12-11
N4-RT12-13,SeuratProject,262661,10695,13,N4,2,thoracic 12,thoracic,Ad.LTMR,N4-RT12-13
N4-RT12-14,SeuratProject,240420,9439,5,N4,2,thoracic 12,thoracic,Ab.LTMR,N4-RT12-14
N4-RT12-15,SeuratProject,86762,6465,4,N4,2,thoracic 12,thoracic,PEP.H8,N4-RT12-15
N4-RT12-16,SeuratProject,307505,11391,13,N4,2,thoracic 12,thoracic,Ad.LTMR,N4-RT12-16
N4-RT12-17,SeuratProject,176554,5160,11,N4,2,thoracic 12,thoracic,Ad.LTMR,N4-RT12-17
N4-RT12-18,SeuratProject,249397,10918,8,N4,2,thoracic 12,thoracic,PEP.H4,N4-RT12-18
N4-RT12-19,SeuratProject,102153,4729,3,N4,2,thoracic 12,thoracic,PEP.H0,N4-RT12-19
N4-RT12-20,SeuratProject,118220,5162,3,N4,2,thoracic 12,thoracic,PEP.H0,N4-RT12-20
N4-RT12-21,SeuratProject,161386,6013,7,N4,2,thoracic 12,thoracic,Ab.LTMR,N4-RT12-21
N4-RT12-22,SeuratProject,110782,4943,3,N4,2,thoracic 12,thoracic,PEP.H0,N4-RT12-22
N4-RT12-23,SeuratProject,365895,8599,0,N4,2,thoracic 12,thoracic,Propr,N4-RT12-23
N4-RT12-24,SeuratProject,201855,8248,1,N4,2,thoracic 12,thoracic,NP1,N4-RT12-24
N4-RT12-25,SeuratProject,185335,8193,13,N4,2,thoracic 12,thoracic,Ad.LTMR,N4-RT12-25
N4-RT12-26,SeuratProject,59807,6350,1,N4,2,thoracic 12,thoracic,NP1,N4-RT12-26
N4-RT12-27,SeuratProject,108663,6419,7,N4,2,thoracic 12,thoracic,Ab.LTMR,N4-RT12-27
N4-RT12-28,SeuratProject,302353,11646,9,N4,2,thoracic 12,thoracic,PEP1.13,N4-RT12-28
N4-RT12-29,SeuratProject,63762,5578,12,N4,2,thoracic 12,thoracic,NP3,N4-RT12-29
N4-RT12-30,SeuratProject,102681,8227,12,N4,2,thoracic 12,thoracic,NP3,N4-RT12-30
N4-RT12-31,SeuratProject,105053,8407,10,N4,2,thoracic 12,thoracic,NP1,N4-RT12-31
N4-RT12-32,SeuratProject,239253,10104,0,N4,2,thoracic 12,thoracic,Propr,N4-RT12-32
N4-RT12-33,SeuratProject,239775,10467,7,N4,2,thoracic 12,thoracic,Ab.LTMR,N4-RT12-33
N4-RT12-34,SeuratProject,172570,10087,8,N4,2,thoracic 12,thoracic,PEP.H4,N4-RT12-34
N4-RT12-35,SeuratProject,65008,5772,9,N4,2,thoracic 12,thoracic,PEP1.13,N4-RT12-35
N4-RT12-36,SeuratProject,60731,3189,0,N4,2,thoracic 12,thoracic,Propr,N4-RT12-36
N4-RT12-37,SeuratProject,190297,8319,8,N4,2,thoracic 12,thoracic,PEP.H4,N4-RT12-37
N4-RT12-38,SeuratProject,78820,6131,7,N4,2,thoracic 12,thoracic,Ab.LTMR,N4-RT12-38
N4-RT12-39,SeuratProject,69749,4998,9,N4,2,thoracic 12,thoracic,PEP1.13,N4-RT12-39
N4-RT12-40,SeuratProject,143081,8591,4,N4,2,thoracic 12,thoracic,PEP.H8,N4-RT12-40
N4-RT12-41,SeuratProject,166824,8526,7,N4,2,thoracic 12,thoracic,Ab.LTMR,N4-RT12-41
N4-RT12-42,SeuratProject,60015,7197,1,N4,2,thoracic 12,thoracic,NP1,N4-RT12-42
N4-RT12-43,SeuratProject,91580,8205,5,N4,2,thoracic 12,thoracic,Ab.LTMR,N4-RT12-43
N4-RT12-45,SeuratProject,86755,7519,6,N4,2,thoracic 12,thoracic,PEP.H5,N4-RT12-45
N4-RT12-46,SeuratProject,52635,5176,2,N4,2,thoracic 12,thoracic,PEP.H0,N4-RT12-46
N4-RT12-47,SeuratProject,89264,6320,12,N4,2,thoracic 12,thoracic,NP3,N4-RT12-47
N4-RT12-48,SeuratProject,75906,6634,9,N4,2,thoracic 12,thoracic,PEP1.13,N4-RT12-48
N4-RT12-49,SeuratProject,231005,10295,13,N4,2,thoracic 12,thoracic,Ad.LTMR,N4-RT12-49
N4-RT12-50,SeuratProject,116066,8047,5,N4,2,thoracic 12,thoracic,Ab.LTMR,N4-RT12-50
N4-RT12-51,SeuratProject,51379,5085,6,N4,2,thoracic 12,thoracic,PEP.H5,N4-RT12-51
N4-RT12-52,SeuratProject,90391,4552,1,N4,2,thoracic 12,thoracic,NP1,N4-RT12-52
N4-RT12-53,SeuratProject,98688,7492,1,N4,2,thoracic 12,thoracic,NP1,N4-RT12-53
N4-RT12-54,SeuratProject,176065,8339,8,N4,2,thoracic 12,thoracic,PEP.H4,N4-RT12-54
N4-RT12-55,SeuratProject,209737,10038,10,N4,2,thoracic 12,thoracic,NP1,N4-RT12-55
N4-RT12-56,SeuratProject,237652,10727,8,N4,2,thoracic 12,thoracic,PEP.H4,N4-RT12-56
N4-RT12-57,SeuratProject,85159,5311,2,N4,2,thoracic 12,thoracic,PEP.H0,N4-RT12-57
N4-RT12-58,SeuratProject,125447,7298,16,N4,2,thoracic 12,thoracic,NP2,N4-RT12-58
N4-RT12-59,SeuratProject,371704,11606,4,N4,2,thoracic 12,thoracic,PEP.H8,N4-RT12-59
N4-RT12-60,SeuratProject,55705,6047,14,N4,2,thoracic 12,thoracic,PEP3,N4-RT12-60
N4-RT12-61,SeuratProject,70053,5974,9,N4,2,thoracic 12,thoracic,PEP1.13,N4-RT12-61
N4-RT12-62,SeuratProject,71301,6084,4,N4,2,thoracic 12,thoracic,PEP.H8,N4-RT12-62
N4-RT12-63,SeuratProject,94451,5818,11,N4,2,thoracic 12,thoracic,Ad.LTMR,N4-RT12-63
N4-RT12-64,SeuratProject,74668,6302,3,N4,2,thoracic 12,thoracic,PEP.H0,N4-RT12-64
N4-RT12-65,SeuratProject,444327,11932,4,N4,2,thoracic 12,thoracic,PEP.H8,N4-RT12-65
N4-RT12-66,SeuratProject,157946,7105,11,N4,2,thoracic 12,thoracic,Ad.LTMR,N4-RT12-66
N4-RT12-67,SeuratProject,117612,6430,6,N4,2,thoracic 12,thoracic,PEP.H5,N4-RT12-67
N4-RT12-68,SeuratProject,309534,10598,5,N4,2,thoracic 12,thoracic,Ab.LTMR,N4-RT12-68
N4-RT12-69,SeuratProject,249086,7056,7,N4,2,thoracic 12,thoracic,Ab.LTMR,N4-RT12-69
N4-RT12-70,SeuratProject,156705,7684,15,N4,2,thoracic 12,thoracic,PEP.H4.15,N4-RT12-70
N4-RT12-71,SeuratProject,445637,11624,13,N4,2,thoracic 12,thoracic,Ad.LTMR,N4-RT12-71
N4-RT12-72,SeuratProject,147337,7967,5,N4,2,thoracic 12,thoracic,Ab.LTMR,N4-RT12-72
N4-RT12-73,SeuratProject,277107,10911,8,N4,2,thoracic 12,thoracic,PEP.H4,N4-RT12-73
N4-RT12-74,SeuratProject,112321,6806,2,N4,2,thoracic 12,thoracic,PEP.H0,N4-RT12-74
N4-RT12-75,SeuratProject,79230,6051,0,N4,2,thoracic 12,thoracic,Propr,N4-RT12-75
N4-RT12-76,SeuratProject,167989,8805,8,N4,2,thoracic 12,thoracic,PEP.H4,N4-RT12-76
N4-RT12-77,SeuratProject,221228,8909,0,N4,2,thoracic 12,thoracic,Propr,N4-RT12-77
N4-RT12-78,SeuratProject,132696,5842,2,N4,2,thoracic 12,thoracic,PEP.H0,N4-RT12-78
N4-RT12-79,SeuratProject,211624,10355,15,N4,2,thoracic 12,thoracic,PEP.H4.15,N4-RT12-79
N4-RT12-80,SeuratProject,117364,6034,11,N4,2,thoracic 12,thoracic,Ad.LTMR,N4-RT12-80
N4-RT12-81,SeuratProject,108459,7122,0,N4,2,thoracic 12,thoracic,Un.Gi,N4-RT12-81
N4-RT12-82,SeuratProject,127748,7426,0,N4,2,thoracic 12,thoracic,Propr,N4-RT12-82
N4-RT12-83,SeuratProject,125307,7581,12,N4,2,thoracic 12,thoracic,NP3,N4-RT12-83
N4-RT12-84,SeuratProject,95705,6434,9,N4,2,thoracic 12,thoracic,PEP1.13,N4-RT12-84
N4-RT12-85,SeuratProject,201365,7781,0,N4,2,thoracic 12,thoracic,Propr,N4-RT12-85
N4-RT12-86,SeuratProject,125358,7471,11,N4,2,thoracic 12,thoracic,Ad.LTMR,N4-RT12-86
N4-RT12-87,SeuratProject,91374,4142,6,N4,2,thoracic 12,thoracic,PEP.H5,N4-RT12-87
N4-RT12-88,SeuratProject,40400,3827,1,N4,2,thoracic 12,thoracic,NP1,N4-RT12-88
N4-RT12-89,SeuratProject,119044,8725,11,N4,2,thoracic 12,thoracic,Ad.LTMR,N4-RT12-89
N4-RT12-90,SeuratProject,99173,7849,10,N4,2,thoracic 12,thoracic,NP1,N4-RT12-90
N4-RT12-91,SeuratProject,77442,5734,14,N4,2,thoracic 12,thoracic,PEP3,N4-RT12-91
N4-RT12-92,SeuratProject,66403,4991,1,N4,2,thoracic 12,thoracic,NP1,N4-RT12-92
N4-RT12-93,SeuratProject,90016,6397,16,N4,2,thoracic 12,thoracic,NP2,N4-RT12-93
N4-RT12-94,SeuratProject,100553,6142,14,N4,2,thoracic 12,thoracic,PEP3,N4-RT12-94
N4-RT12-95,SeuratProject,117323,5654,2,N4,2,thoracic 12,thoracic,PEP.H0,N4-RT12-95
N4-RT12-96,SeuratProject,91630,7943,1,N4,2,thoracic 12,thoracic,NP1,N4-RT12-96
N4-RT12-97,SeuratProject,67157,5824,10,N4,2,thoracic 12,thoracic,NP1,N4-RT12-97
N4-RT12-98,SeuratProject,107563,7316,1,N4,2,thoracic 12,thoracic,NP1,N4-RT12-98
N4-RT12-99,SeuratProject,110402,6751,9,N4,2,thoracic 12,thoracic,PEP1.13,N4-RT12-99
N4-RT12-100,SeuratProject,153192,8444,5,N4,2,thoracic 12,thoracic,Ab.LTMR,N4-RT12-100
N4-RT12-101,SeuratProject,99659,6335,3,N4,2,thoracic 12,thoracic,TRPM8,N4-RT12-101
N4-RT12-102,SeuratProject,253457,9226,13,N4,2,thoracic 12,thoracic,Ad.LTMR,N4-RT12-102
N4-RT12-103,SeuratProject,72705,5306,9,N4,2,thoracic 12,thoracic,PEP1.13,N4-RT12-103
N4-RT12-104,SeuratProject,95472,5897,6,N4,2,thoracic 12,thoracic,PEP.H5,N4-RT12-104
N4-RT12-105,SeuratProject,302433,10379,5,N4,2,thoracic 12,thoracic,Ab.LTMR,N4-RT12-105
N4-RT12-106,SeuratProject,142267,5983,4,N4,2,thoracic 12,thoracic,PEP.H8,N4-RT12-106
N4-RT12-107,SeuratProject,90549,4257,3,N4,2,thoracic 12,thoracic,PEP.H0,N4-RT12-107
N4-RT12-108,SeuratProject,139064,4825,16,N4,2,thoracic 12,thoracic,NP2,N4-RT12-108
N4-RT12-109,SeuratProject,185013,9106,6,N4,2,thoracic 12,thoracic,PEP.H5,N4-RT12-109
N4-RT12-110,SeuratProject,190892,5395,3,N4,2,thoracic 12,thoracic,Ab.LTMR,N4-RT12-110
N4-RT12-112,SeuratProject,158540,6035,0,N4,2,thoracic 12,thoracic,Propr,N4-RT12-112
N4-RT12-113,SeuratProject,249514,11210,8,N4,2,thoracic 12,thoracic,PEP.H4,N4-RT12-113
N4-RT12-114,SeuratProject,232910,10437,13,N4,2,thoracic 12,thoracic,Ad.LTMR,N4-RT12-114
N4-RT12-115,SeuratProject,85829,6106,9,N4,2,thoracic 12,thoracic,PEP1.13,N4-RT12-115
N4-RT12-116,SeuratProject,155391,8550,6,N4,2,thoracic 12,thoracic,PEP.H5,N4-RT12-116
N4-RT12-117,SeuratProject,119107,7817,1,N4,2,thoracic 12,thoracic,NP1,N4-RT12-117
N4-RT12-118,SeuratProject,85711,4462,1,N4,2,thoracic 12,thoracic,NP1,N4-RT12-118
N4-RT12-119,SeuratProject,140127,8276,1,N4,2,thoracic 12,thoracic,NP1,N4-RT12-119
N4-RT12-120,SeuratProject,176348,8757,1,N4,2,thoracic 12,thoracic,NP1,N4-RT12-120
N4-RT12-122,SeuratProject,121587,7684,11,N4,2,thoracic 12,thoracic,Ad.LTMR,N4-RT12-122
N4-RT12-123,SeuratProject,92879,4985,1,N4,2,thoracic 12,thoracic,NP1,N4-RT12-123
N4-RT12-124,SeuratProject,241746,9025,15,N4,2,thoracic 12,thoracic,PEP.H4.15,N4-RT12-124
N4-RT12-125,SeuratProject,65516,2740,3,N4,2,thoracic 12,thoracic,PEP.H0,N4-RT12-125
N4-RT12-126,SeuratProject,83866,2643,3,N4,2,thoracic 12,thoracic,PEP.H0,N4-RT12-126
N4-RT12-127,SeuratProject,178381,8329,17,N4,2,thoracic 12,thoracic,C.LTMR,N4-RT12-127
N4-RT12-128,SeuratProject,295678,11699,14,N4,2,thoracic 12,thoracic,PEP3,N4-RT12-128
N4-RT12-129,SeuratProject,220150,8996,10,N4,2,thoracic 12,thoracic,NP1,N4-RT12-129
N4-RT12-130,SeuratProject,253088,10148,10,N4,3,thoracic 12,thoracic,NP1,N4-RT12-130
N4-RT12-131,SeuratProject,204167,7714,5,N4,3,thoracic 12,thoracic,Ab.LTMR,N4-RT12-131
N4-RT12-132,SeuratProject,319477,11435,8,N4,3,thoracic 12,thoracic,PEP.H4,N4-RT12-132
N4-RT12-133,SeuratProject,146017,6330,2,N4,3,thoracic 12,thoracic,PEP.H0,N4-RT12-133
N4-RT12-134,SeuratProject,162443,7279,4,N4,3,thoracic 12,thoracic,PEP.H8,N4-RT12-134
N4-RT12-135,SeuratProject,213440,8118,7,N4,3,thoracic 12,thoracic,Ab.LTMR,N4-RT12-135
N4-RT12-136,SeuratProject,462072,10914,0,N4,3,thoracic 12,thoracic,Propr,N4-RT12-136
N4-RT12-137,SeuratProject,131788,7981,5,N4,3,thoracic 12,thoracic,Ab.LTMR,N4-RT12-137
N4-RT12-138,SeuratProject,112477,4864,2,N4,3,thoracic 12,thoracic,PEP.H0,N4-RT12-138
N4-RT12-139,SeuratProject,121286,4004,9,N4,3,thoracic 12,thoracic,PEP1.13,N4-RT12-139
N4-RT12-140,SeuratProject,71750,4493,1,N4,3,thoracic 12,thoracic,NP1,N4-RT12-140
N4-RT12-141,SeuratProject,64675,3618,1,N4,3,thoracic 12,thoracic,NP1,N4-RT12-141
N4-RT12-142,SeuratProject,97112,6934,1,N4,3,thoracic 12,thoracic,NP1,N4-RT12-142
N4-RT12-143,SeuratProject,85208,6953,1,N4,3,thoracic 12,thoracic,NP1,N4-RT12-143
N4-RT12-144,SeuratProject,74280,2880,3,N4,3,thoracic 12,thoracic,PEP.H0,N4-RT12-144
N4-RT12-145,SeuratProject,212711,10628,10,N4,3,thoracic 12,thoracic,NP1,N4-RT12-145
N4-RT12-146,SeuratProject,89617,5958,17,N4,3,thoracic 12,thoracic,C.LTMR,N4-RT12-146
N4-RT12-147,SeuratProject,116655,6439,0,N4,3,thoracic 12,thoracic,Propr,N4-RT12-147
N4-RT12-149,SeuratProject,79341,6197,1,N4,3,thoracic 12,thoracic,NP1,N4-RT12-149
N4-RT12-150,SeuratProject,176306,9669,15,N4,3,thoracic 12,thoracic,PEP.H4.15,N4-RT12-150
N4-RT12-151,SeuratProject,127928,7642,4,N4,3,thoracic 12,thoracic,PEP.H8,N4-RT12-151
N4-RT12-152,SeuratProject,95843,7327,1,N4,3,thoracic 12,thoracic,NP1,N4-RT12-152
N4-RT12-154,SeuratProject,68698,5988,1,N4,3,thoracic 12,thoracic,NP1,N4-RT12-154
N4-RT12-155,SeuratProject,122371,2797,3,N4,3,thoracic 12,thoracic,PEP.H0,N4-RT12-155
N4-RT12-156,SeuratProject,90805,6690,1,N4,3,thoracic 12,thoracic,NP1,N4-RT12-156
N4-RT12-157,SeuratProject,423735,10068,5,N4,3,thoracic 12,thoracic,Ab.LTMR,N4-RT12-157
N4-RT12-158,SeuratProject,226373,10200,14,N4,3,thoracic 12,thoracic,PEP3,N4-RT12-158
N4-RT12-159,SeuratProject,220879,9210,8,N4,3,thoracic 12,thoracic,PEP.H4,N4-RT12-159
N4-RT12-160,SeuratProject,100905,5227,9,N4,3,thoracic 12,thoracic,PEP1.13,N4-RT12-160
N4-RT12-161,SeuratProject,128669,6271,9,N4,3,thoracic 12,thoracic,PEP1.13,N4-RT12-161
N4-RT12-162,SeuratProject,99237,6650,2,N4,3,thoracic 12,thoracic,PEP.H0,N4-RT12-162
N4-RT12-163,SeuratProject,290395,9994,11,N4,3,thoracic 12,thoracic,Ad.LTMR,N4-RT12-163
N4-RT12-164,SeuratProject,101570,4547,3,N4,3,thoracic 12,thoracic,PEP.H0,N4-RT12-164
N4-RT12-165,SeuratProject,503533,10380,0,N4,3,thoracic 12,thoracic,Propr,N4-RT12-165
N4-RT12-166,SeuratProject,261425,5139,3,N4,3,thoracic 12,thoracic,PEP.H0,N4-RT12-166
N4-RT12-167,SeuratProject,455863,11204,5,N4,3,thoracic 12,thoracic,Ab.LTMR,N4-RT12-167
N4-RT12-168,SeuratProject,326959,7012,7,N4,3,thoracic 12,thoracic,Ab.LTMR,N4-RT12-168
N4-RT12-169,SeuratProject,71515,7887,9,N4,3,thoracic 12,thoracic,PEP1.13,N4-RT12-169
N4-RT12-170,SeuratProject,211599,6257,0,N4,3,thoracic 12,thoracic,Propr,N4-RT12-170
N4-RT12-171,SeuratProject,262006,8404,10,N4,3,thoracic 12,thoracic,NP1,N4-RT12-171
N4-RT12-172,SeuratProject,294340,10112,11,N4,3,thoracic 12,thoracic,Ad.LTMR,N4-RT12-172
N4-RT12-173,SeuratProject,224566,8399,1,N4,3,thoracic 12,thoracic,NP1,N4-RT12-173
N4-RT12-174,SeuratProject,220969,8670,1,N4,3,thoracic 12,thoracic,NP1,N4-RT12-174
N4-RT12-175,SeuratProject,384509,8072,2,N4,3,thoracic 12,thoracic,PEP.H0,N4-RT12-175
N4-RT12-176,SeuratProject,660160,8214,2,N4,3,thoracic 12,thoracic,PEP.H0,N4-RT12-176
N4-RT12-177,SeuratProject,275989,5526,3,N4,3,thoracic 12,thoracic,TRPM8,N4-RT12-177
N4-RT12-178,SeuratProject,1023501,13814,8,N4,3,thoracic 12,thoracic,PEP.H4,N4-RT12-178
N4-RT12-179,SeuratProject,279377,8036,11,N4,3,thoracic 12,thoracic,Ad.LTMR,N4-RT12-179
N4-RT12-180,SeuratProject,863641,12077,13,N4,3,thoracic 12,thoracic,Ad.LTMR,N4-RT12-180
N4-RT12-181,SeuratProject,1230506,8701,3,N4,3,thoracic 12,thoracic,PEP.H0,N4-RT12-181
N4-RT12-182,SeuratProject,430794,6135,1,N4,3,thoracic 12,thoracic,NP1,N4-RT12-182
N4-RT12-183,SeuratProject,761460,10593,8,N4,3,thoracic 12,thoracic,PEP.H4,N4-RT12-183
N4-RT12-184,SeuratProject,355825,6317,3,N4,3,thoracic 12,thoracic,Ab.LTMR,N4-RT12-184
N4-RT12-186,SeuratProject,797513,12746,13,N4,3,thoracic 12,thoracic,Ad.LTMR,N4-RT12-186
N4-RT12-187,SeuratProject,861179,9588,7,N4,3,thoracic 12,thoracic,Ab.LTMR,N4-RT12-187
N4-RT12-188,SeuratProject,510180,10873,7,N4,3,thoracic 12,thoracic,Ab.LTMR,N4-RT12-188
N4-RT12-189,SeuratProject,1169803,10239,11,N4,3,thoracic 12,thoracic,Ad.LTMR,N4-RT12-189
N4-RT12-190,SeuratProject,106717,4126,3,N4,3,thoracic 12,thoracic,PEP.H0,N4-RT12-190
N4-RT12-191,SeuratProject,396221,11218,0,N4,3,thoracic 12,thoracic,Propr,N4-RT12-191
N4-RT12-192,SeuratProject,77810,7267,0,N4,3,thoracic 12,thoracic,Propr,N4-RT12-192
N4-RT12-193,SeuratProject,300988,9306,8,N4,3,thoracic 12,thoracic,PEP.H4,N4-RT12-193
N4-RT12-194,SeuratProject,157670,6508,12,N4,3,thoracic 12,thoracic,NP3,N4-RT12-194
